customer_id,email,first_name,last_name,created_at,updated_at
1,customer1@example.com,First1,Last1,2023-01-01 00:00:00,2023-01-01 00:00:00
2,customer2@example.com,First2,Last2,2023-01-01 06:00:00,2023-01-01 06:00:00
3,customer3@example.com,First3,Last3,2023-01-01 12:00:00,2023-01-01 12:00:00
4,customer4@example.com,First4,Last4,2023-01-01 18:00:00,2023-01-01 18:00:00
5,customer5@example.com,First5,Last5,2023-01-02 00:00:00,2023-01-02 00:00:00
6,customer6@example.com,First6,Last6,2023-01-02 06:00:00,2023-01-02 06:00:00
7,customer7@example.com,First7,Last7,2023-01-02 12:00:00,2023-01-02 12:00:00
8,customer8@example.com,First8,Last8,2023-01-02 18:00:00,2023-01-02 18:00:00
9,customer9@example.com,First9,Last9,2023-01-03 00:00:00,2023-01-03 00:00:00
10,customer10@example.com,First10,Last10,2023-01-03 06:00:00,2023-01-03 06:00:00
11,customer11@example.com,First11,Last11,2023-01-03 12:00:00,2023-01-03 12:00:00
12,customer12@example.com,First12,Last12,2023-01-03 18:00:00,2023-01-03 18:00:00
13,customer13@example.com,First13,Last13,2023-01-04 00:00:00,2023-01-04 00:00:00
14,customer14@example.com,First14,Last14,2023-01-04 06:00:00,2023-01-04 06:00:00
15,customer15@example.com,First15,Last15,2023-01-04 12:00:00,2023-01-04 12:00:00
16,customer16@example.com,First16,Last16,2023-01-04 18:00:00,2023-01-04 18:00:00
17,customer17@example.com,First17,Last17,2023-01-05 00:00:00,2023-01-05 00:00:00
18,customer18@example.com,First18,Last18,2023-01-05 06:00:00,2023-01-05 06:00:00
19,customer19@example.com,First19,Last19,2023-01-05 12:00:00,2023-01-05 12:00:00
20,customer20@example.com,First20,Last20,2023-01-05 18:00:00,2023-01-05 18:00:00
21,customer21@example.com,First21,Last21,2023-01-06 00:00:00,2023-01-06 00:00:00
22,customer22@example.com,First22,Last22,2023-01-06 06:00:00,2023-01-06 06:00:00
23,customer23@example.com,First23,Last23,2023-01-06 12:00:00,2023-01-06 12:00:00
24,customer24@example.com,First24,Last24,2023-01-06 18:00:00,2023-01-06 18:00:00
25,customer25@example.com,First25,Last25,2023-01-07 00:00:00,2023-01-07 00:00:00
26,customer26@example.com,First26,Last26,2023-01-07 06:00:00,2023-01-07 06:00:00
27,customer27@example.com,First27,Last27,2023-01-07 12:00:00,2023-01-07 12:00:00
28,customer28@example.com,First28,Last28,2023-01-07 18:00:00,2023-01-07 18:00:00
29,customer29@example.com,First29,Last29,2023-01-08 00:00:00,2023-01-08 00:00:00
30,customer30@example.com,First30,Last30,2023-01-08 06:00:00,2023-01-08 06:00:00
31,customer31@example.com,First31,Last31,2023-01-08 12:00:00,2023-01-08 12:00:00
32,customer32@example.com,First32,Last32,2023-01-08 18:00:00,2023-01-08 18:00:00
33,customer33@example.com,First33,Last33,2023-01-09 00:00:00,2023-01-09 00:00:00
34,customer34@example.com,First34,Last34,2023-01-09 06:00:00,2023-01-09 06:00:00
35,customer35@example.com,First35,Last35,2023-01-09 12:00:00,2023-01-09 12:00:00
36,customer36@example.com,First36,Last36,2023-01-09 18:00:00,2023-01-09 18:00:00
37,customer37@example.com,First37,Last37,2023-01-10 00:00:00,2023-01-10 00:00:00
38,customer38@example.com,First38,Last38,2023-01-10 06:00:00,2023-01-10 06:00:00
39,customer39@example.com,First39,Last39,2023-01-10 12:00:00,2023-01-10 12:00:00
40,customer40@example.com,First40,Last40,2023-01-10 18:00:00,2023-01-10 18:00:00
41,customer41@example.com,First41,Last41,2023-01-11 00:00:00,2023-01-11 00:00:00
42,customer42@example.com,First42,Last42,2023-01-11 06:00:00,2023-01-11 06:00:00
43,customer43@example.com,First43,Last43,2023-01-11 12:00:00,2023-01-11 12:00:00
44,customer44@example.com,First44,Last44,2023-01-11 18:00:00,2023-01-11 18:00:00
45,customer45@example.com,First45,Last45,2023-01-12 00:00:00,2023-01-12 00:00:00
46,customer46@example.com,First46,Last46,2023-01-12 06:00:00,2023-01-12 06:00:00
47,customer47@example.com,First47,Last47,2023-01-12 12:00:00,2023-01-12 12:00:00
48,customer48@example.com,First48,Last48,2023-01-12 18:00:00,2023-01-12 18:00:00
49,customer49@example.com,First49,Last49,2023-01-13 00:00:00,2023-01-13 00:00:00
50,customer50@example.com,First50,Last50,2023-01-13 06:00:00,2023-01-13 06:00:00
51,customer51@example.com,First51,Last51,2023-01-13 12:00:00,2023-01-13 12:00:00
52,customer52@example.com,First52,Last52,2023-01-13 18:00:00,2023-01-13 18:00:00
53,customer53@example.com,First53,Last53,2023-01-14 00:00:00,2023-01-14 00:00:00
54,customer54@example.com,First54,Last54,2023-01-14 06:00:00,2023-01-14 06:00:00
55,customer55@example.com,First55,Last55,2023-01-14 12:00:00,2023-01-14 12:00:00
56,customer56@example.com,First56,Last56,2023-01-14 18:00:00,2023-01-14 18:00:00
57,customer57@example.com,First57,Last57,2023-01-15 00:00:00,2023-01-15 00:00:00
58,customer58@example.com,First58,Last58,2023-01-15 06:00:00,2023-01-15 06:00:00
59,customer59@example.com,First59,Last59,2023-01-15 12:00:00,2023-01-15 12:00:00
60,customer60@example.com,First60,Last60,2023-01-15 18:00:00,2023-01-15 18:00:00
61,customer61@example.com,First61,Last61,2023-01-16 00:00:00,2023-01-16 00:00:00
62,customer62@example.com,First62,Last62,2023-01-16 06:00:00,2023-01-16 06:00:00
63,customer63@example.com,First63,Last63,2023-01-16 12:00:00,2023-01-16 12:00:00
64,customer64@example.com,First64,Last64,2023-01-16 18:00:00,2023-01-16 18:00:00
65,customer65@example.com,First65,Last65,2023-01-17 00:00:00,2023-01-17 00:00:00
66,customer66@example.com,First66,Last66,2023-01-17 06:00:00,2023-01-17 06:00:00
67,customer67@example.com,First67,Last67,2023-01-17 12:00:00,2023-01-17 12:00:00
68,customer68@example.com,First68,Last68,2023-01-17 18:00:00,2023-01-17 18:00:00
69,customer69@example.com,First69,Last69,2023-01-18 00:00:00,2023-01-18 00:00:00
70,customer70@example.com,First70,Last70,2023-01-18 06:00:00,2023-01-18 06:00:00
71,customer71@example.com,First71,Last71,2023-01-18 12:00:00,2023-01-18 12:00:00
72,customer72@example.com,First72,Last72,2023-01-18 18:00:00,2023-01-18 18:00:00
73,customer73@example.com,First73,Last73,2023-01-19 00:00:00,2023-01-19 00:00:00
74,customer74@example.com,First74,Last74,2023-01-19 06:00:00,2023-01-19 06:00:00
75,customer75@example.com,First75,Last75,2023-01-19 12:00:00,2023-01-19 12:00:00
76,customer76@example.com,First76,Last76,2023-01-19 18:00:00,2023-01-19 18:00:00
77,customer77@example.com,First77,Last77,2023-01-20 00:00:00,2023-01-20 00:00:00
78,customer78@example.com,First78,Last78,2023-01-20 06:00:00,2023-01-20 06:00:00
79,customer79@example.com,First79,Last79,2023-01-20 12:00:00,2023-01-20 12:00:00
80,customer80@example.com,First80,Last80,2023-01-20 18:00:00,2023-01-20 18:00:00
81,customer81@example.com,First81,Last81,2023-01-21 00:00:00,2023-01-21 00:00:00
82,customer82@example.com,First82,Last82,2023-01-21 06:00:00,2023-01-21 06:00:00
83,customer83@example.com,First83,Last83,2023-01-21 12:00:00,2023-01-21 12:00:00
84,customer84@example.com,First84,Last84,2023-01-21 18:00:00,2023-01-21 18:00:00
85,customer85@example.com,First85,Last85,2023-01-22 00:00:00,2023-01-22 00:00:00
86,customer86@example.com,First86,Last86,2023-01-22 06:00:00,2023-01-22 06:00:00
87,customer87@example.com,First87,Last87,2023-01-22 12:00:00,2023-01-22 12:00:00
88,customer88@example.com,First88,Last88,2023-01-22 18:00:00,2023-01-22 18:00:00
89,customer89@example.com,First89,Last89,2023-01-23 00:00:00,2023-01-23 00:00:00
90,customer90@example.com,First90,Last90,2023-01-23 06:00:00,2023-01-23 06:00:00
91,customer91@example.com,First91,Last91,2023-01-23 12:00:00,2023-01-23 12:00:00
92,customer92@example.com,First92,Last92,2023-01-23 18:00:00,2023-01-23 18:00:00
93,customer93@example.com,First93,Last93,2023-01-24 00:00:00,2023-01-24 00:00:00
94,customer94@example.com,First94,Last94,2023-01-24 06:00:00,2023-01-24 06:00:00
95,customer95@example.com,First95,Last95,2023-01-24 12:00:00,2023-01-24 12:00:00
96,customer96@example.com,First96,Last96,2023-01-24 18:00:00,2023-01-24 18:00:00
97,customer97@example.com,First97,Last97,2023-01-25 00:00:00,2023-01-25 00:00:00
98,customer98@example.com,First98,Last98,2023-01-25 06:00:00,2023-01-25 06:00:00
99,customer99@example.com,First99,Last99,2023-01-25 12:00:00,2023-01-25 12:00:00
100,customer100@example.com,First100,Last100,2023-01-25 18:00:00,2023-01-25 18:00:00
101,customer101@example.com,First101,Last101,2023-01-26 00:00:00,2023-01-26 00:00:00
102,customer102@example.com,First102,Last102,2023-01-26 06:00:00,2023-01-26 06:00:00
103,customer103@example.com,First103,Last103,2023-01-26 12:00:00,2023-01-26 12:00:00
104,customer104@example.com,First104,Last104,2023-01-26 18:00:00,2023-01-26 18:00:00
105,customer105@example.com,First105,Last105,2023-01-27 00:00:00,2023-01-27 00:00:00
106,customer106@example.com,First106,Last106,2023-01-27 06:00:00,2023-01-27 06:00:00
107,customer107@example.com,First107,Last107,2023-01-27 12:00:00,2023-01-27 12:00:00
108,customer108@example.com,First108,Last108,2023-01-27 18:00:00,2023-01-27 18:00:00
109,customer109@example.com,First109,Last109,2023-01-28 00:00:00,2023-01-28 00:00:00
110,customer110@example.com,First110,Last110,2023-01-28 06:00:00,2023-01-28 06:00:00
111,customer111@example.com,First111,Last111,2023-01-28 12:00:00,2023-01-28 12:00:00
112,customer112@example.com,First112,Last112,2023-01-28 18:00:00,2023-01-28 18:00:00
113,customer113@example.com,First113,Last113,2023-01-29 00:00:00,2023-01-29 00:00:00
114,customer114@example.com,First114,Last114,2023-01-29 06:00:00,2023-01-29 06:00:00
115,customer115@example.com,First115,Last115,2023-01-29 12:00:00,2023-01-29 12:00:00
116,customer116@example.com,First116,Last116,2023-01-29 18:00:00,2023-01-29 18:00:00
117,customer117@example.com,First117,Last117,2023-01-30 00:00:00,2023-01-30 00:00:00
118,customer118@example.com,First118,Last118,2023-01-30 06:00:00,2023-01-30 06:00:00
119,customer119@example.com,First119,Last119,2023-01-30 12:00:00,2023-01-30 12:00:00
120,customer120@example.com,First120,Last120,2023-01-30 18:00:00,2023-01-30 18:00:00
121,customer121@example.com,First121,Last121,2023-01-31 00:00:00,2023-01-31 00:00:00
122,customer122@example.com,First122,Last122,2023-01-31 06:00:00,2023-01-31 06:00:00
123,customer123@example.com,First123,Last123,2023-01-31 12:00:00,2023-01-31 12:00:00
124,customer124@example.com,First124,Last124,2023-01-31 18:00:00,2023-01-31 18:00:00
125,customer125@example.com,First125,Last125,2023-02-01 00:00:00,2023-02-01 00:00:00
126,customer126@example.com,First126,Last126,2023-02-01 06:00:00,2023-02-01 06:00:00
127,customer127@example.com,First127,Last127,2023-02-01 12:00:00,2023-02-01 12:00:00
128,customer128@example.com,First128,Last128,2023-02-01 18:00:00,2023-02-01 18:00:00
129,customer129@example.com,First129,Last129,2023-02-02 00:00:00,2023-02-02 00:00:00
130,customer130@example.com,First130,Last130,2023-02-02 06:00:00,2023-02-02 06:00:00
131,customer131@example.com,First131,Last131,2023-02-02 12:00:00,2023-02-02 12:00:00
132,customer132@example.com,First132,Last132,2023-02-02 18:00:00,2023-02-02 18:00:00
133,customer133@example.com,First133,Last133,2023-02-03 00:00:00,2023-02-03 00:00:00
134,customer134@example.com,First134,Last134,2023-02-03 06:00:00,2023-02-03 06:00:00
135,customer135@example.com,First135,Last135,2023-02-03 12:00:00,2023-02-03 12:00:00
136,customer136@example.com,First136,Last136,2023-02-03 18:00:00,2023-02-03 18:00:00
137,customer137@example.com,First137,Last137,2023-02-04 00:00:00,2023-02-04 00:00:00
138,customer138@example.com,First138,Last138,2023-02-04 06:00:00,2023-02-04 06:00:00
139,customer139@example.com,First139,Last139,2023-02-04 12:00:00,2023-02-04 12:00:00
140,customer140@example.com,First140,Last140,2023-02-04 18:00:00,2023-02-04 18:00:00
141,customer141@example.com,First141,Last141,2023-02-05 00:00:00,2023-02-05 00:00:00
142,customer142@example.com,First142,Last142,2023-02-05 06:00:00,2023-02-05 06:00:00
143,customer143@example.com,First143,Last143,2023-02-05 12:00:00,2023-02-05 12:00:00
144,customer144@example.com,First144,Last144,2023-02-05 18:00:00,2023-02-05 18:00:00
145,customer145@example.com,First145,Last145,2023-02-06 00:00:00,2023-02-06 00:00:00
146,customer146@example.com,First146,Last146,2023-02-06 06:00:00,2023-02-06 06:00:00
147,customer147@example.com,First147,Last147,2023-02-06 12:00:00,2023-02-06 12:00:00
148,customer148@example.com,First148,Last148,2023-02-06 18:00:00,2023-02-06 18:00:00
149,customer149@example.com,First149,Last149,2023-02-07 00:00:00,2023-02-07 00:00:00
150,customer150@example.com,First150,Last150,2023-02-07 06:00:00,2023-02-07 06:00:00
151,customer151@example.com,First151,Last151,2023-02-07 12:00:00,2023-02-07 12:00:00
152,customer152@example.com,First152,Last152,2023-02-07 18:00:00,2023-02-07 18:00:00
153,customer153@example.com,First153,Last153,2023-02-08 00:00:00,2023-02-08 00:00:00
154,customer154@example.com,First154,Last154,2023-02-08 06:00:00,2023-02-08 06:00:00
155,customer155@example.com,First155,Last155,2023-02-08 12:00:00,2023-02-08 12:00:00
156,customer156@example.com,First156,Last156,2023-02-08 18:00:00,2023-02-08 18:00:00
157,customer157@example.com,First157,Last157,2023-02-09 00:00:00,2023-02-09 00:00:00
158,customer158@example.com,First158,Last158,2023-02-09 06:00:00,2023-02-09 06:00:00
159,customer159@example.com,First159,Last159,2023-02-09 12:00:00,2023-02-09 12:00:00
160,customer160@example.com,First160,Last160,2023-02-09 18:00:00,2023-02-09 18:00:00
161,customer161@example.com,First161,Last161,2023-02-10 00:00:00,2023-02-10 00:00:00
162,customer162@example.com,First162,Last162,2023-02-10 06:00:00,2023-02-10 06:00:00
163,customer163@example.com,First163,Last163,2023-02-10 12:00:00,2023-02-10 12:00:00
164,customer164@example.com,First164,Last164,2023-02-10 18:00:00,2023-02-10 18:00:00
165,customer165@example.com,First165,Last165,2023-02-11 00:00:00,2023-02-11 00:00:00
166,customer166@example.com,First166,Last166,2023-02-11 06:00:00,2023-02-11 06:00:00
167,customer167@example.com,First167,Last167,2023-02-11 12:00:00,2023-02-11 12:00:00
168,customer168@example.com,First168,Last168,2023-02-11 18:00:00,2023-02-11 18:00:00
169,customer169@example.com,First169,Last169,2023-02-12 00:00:00,2023-02-12 00:00:00
170,customer170@example.com,First170,Last170,2023-02-12 06:00:00,2023-02-12 06:00:00
171,customer171@example.com,First171,Last171,2023-02-12 12:00:00,2023-02-12 12:00:00
172,customer172@example.com,First172,Last172,2023-02-12 18:00:00,2023-02-12 18:00:00
173,customer173@example.com,First173,Last173,2023-02-13 00:00:00,2023-02-13 00:00:00
174,customer174@example.com,First174,Last174,2023-02-13 06:00:00,2023-02-13 06:00:00
175,customer175@example.com,First175,Last175,2023-02-13 12:00:00,2023-02-13 12:00:00
176,customer176@example.com,First176,Last176,2023-02-13 18:00:00,2023-02-13 18:00:00
177,customer177@example.com,First177,Last177,2023-02-14 00:00:00,2023-02-14 00:00:00
178,customer178@example.com,First178,Last178,2023-02-14 06:00:00,2023-02-14 06:00:00
179,customer179@example.com,First179,Last179,2023-02-14 12:00:00,2023-02-14 12:00:00
180,customer180@example.com,First180,Last180,2023-02-14 18:00:00,2023-02-14 18:00:00
181,customer181@example.com,First181,Last181,2023-02-15 00:00:00,2023-02-15 00:00:00
182,customer182@example.com,First182,Last182,2023-02-15 06:00:00,2023-02-15 06:00:00
183,customer183@example.com,First183,Last183,2023-02-15 12:00:00,2023-02-15 12:00:00
184,customer184@example.com,First184,Last184,2023-02-15 18:00:00,2023-02-15 18:00:00
185,customer185@example.com,First185,Last185,2023-02-16 00:00:00,2023-02-16 00:00:00
186,customer186@example.com,First186,Last186,2023-02-16 06:00:00,2023-02-16 06:00:00
187,customer187@example.com,First187,Last187,2023-02-16 12:00:00,2023-02-16 12:00:00
188,customer188@example.com,First188,Last188,2023-02-16 18:00:00,2023-02-16 18:00:00
189,customer189@example.com,First189,Last189,2023-02-17 00:00:00,2023-02-17 00:00:00
190,customer190@example.com,First190,Last190,2023-02-17 06:00:00,2023-02-17 06:00:00
191,customer191@example.com,First191,Last191,2023-02-17 12:00:00,2023-02-17 12:00:00
192,customer192@example.com,First192,Last192,2023-02-17 18:00:00,2023-02-17 18:00:00
193,customer193@example.com,First193,Last193,2023-02-18 00:00:00,2023-02-18 00:00:00
194,customer194@example.com,First194,Last194,2023-02-18 06:00:00,2023-02-18 06:00:00
195,customer195@example.com,First195,Last195,2023-02-18 12:00:00,2023-02-18 12:00:00
196,customer196@example.com,First196,Last196,2023-02-18 18:00:00,2023-02-18 18:00:00
197,customer197@example.com,First197,Last197,2023-02-19 00:00:00,2023-02-19 00:00:00
198,customer198@example.com,First198,Last198,2023-02-19 06:00:00,2023-02-19 06:00:00
199,customer199@example.com,First199,Last199,2023-02-19 12:00:00,2023-02-19 12:00:00
200,customer200@example.com,First200,Last200,2023-02-19 18:00:00,2023-02-19 18:00:00
201,customer201@example.com,First201,Last201,2023-02-20 00:00:00,2023-02-20 00:00:00
202,customer202@example.com,First202,Last202,2023-02-20 06:00:00,2023-02-20 06:00:00
203,customer203@example.com,First203,Last203,2023-02-20 12:00:00,2023-02-20 12:00:00
204,customer204@example.com,First204,Last204,2023-02-20 18:00:00,2023-02-20 18:00:00
205,customer205@example.com,First205,Last205,2023-02-21 00:00:00,2023-02-21 00:00:00
206,customer206@example.com,First206,Last206,2023-02-21 06:00:00,2023-02-21 06:00:00
207,customer207@example.com,First207,Last207,2023-02-21 12:00:00,2023-02-21 12:00:00
208,customer208@example.com,First208,Last208,2023-02-21 18:00:00,2023-02-21 18:00:00
209,customer209@example.com,First209,Last209,2023-02-22 00:00:00,2023-02-22 00:00:00
210,customer210@example.com,First210,Last210,2023-02-22 06:00:00,2023-02-22 06:00:00
211,customer211@example.com,First211,Last211,2023-02-22 12:00:00,2023-02-22 12:00:00
212,customer212@example.com,First212,Last212,2023-02-22 18:00:00,2023-02-22 18:00:00
213,customer213@example.com,First213,Last213,2023-02-23 00:00:00,2023-02-23 00:00:00
214,customer214@example.com,First214,Last214,2023-02-23 06:00:00,2023-02-23 06:00:00
215,customer215@example.com,First215,Last215,2023-02-23 12:00:00,2023-02-23 12:00:00
216,customer216@example.com,First216,Last216,2023-02-23 18:00:00,2023-02-23 18:00:00
217,customer217@example.com,First217,Last217,2023-02-24 00:00:00,2023-02-24 00:00:00
218,customer218@example.com,First218,Last218,2023-02-24 06:00:00,2023-02-24 06:00:00
219,customer219@example.com,First219,Last219,2023-02-24 12:00:00,2023-02-24 12:00:00
220,customer220@example.com,First220,Last220,2023-02-24 18:00:00,2023-02-24 18:00:00
221,customer221@example.com,First221,Last221,2023-02-25 00:00:00,2023-02-25 00:00:00
222,customer222@example.com,First222,Last222,2023-02-25 06:00:00,2023-02-25 06:00:00
223,customer223@example.com,First223,Last223,2023-02-25 12:00:00,2023-02-25 12:00:00
224,customer224@example.com,First224,Last224,2023-02-25 18:00:00,2023-02-25 18:00:00
225,customer225@example.com,First225,Last225,2023-02-26 00:00:00,2023-02-26 00:00:00
226,customer226@example.com,First226,Last226,2023-02-26 06:00:00,2023-02-26 06:00:00
227,customer227@example.com,First227,Last227,2023-02-26 12:00:00,2023-02-26 12:00:00
228,customer228@example.com,First228,Last228,2023-02-26 18:00:00,2023-02-26 18:00:00
229,customer229@example.com,First229,Last229,2023-02-27 00:00:00,2023-02-27 00:00:00
230,customer230@example.com,First230,Last230,2023-02-27 06:00:00,2023-02-27 06:00:00
231,customer231@example.com,First231,Last231,2023-02-27 12:00:00,2023-02-27 12:00:00
232,customer232@example.com,First232,Last232,2023-02-27 18:00:00,2023-02-27 18:00:00
233,customer233@example.com,First233,Last233,2023-02-28 00:00:00,2023-02-28 00:00:00
234,customer234@example.com,First234,Last234,2023-02-28 06:00:00,2023-02-28 06:00:00
235,customer235@example.com,First235,Last235,2023-02-28 12:00:00,2023-02-28 12:00:00
236,customer236@example.com,First236,Last236,2023-02-28 18:00:00,2023-02-28 18:00:00
237,customer237@example.com,First237,Last237,2023-03-01 00:00:00,2023-03-01 00:00:00
238,customer238@example.com,First238,Last238,2023-03-01 06:00:00,2023-03-01 06:00:00
239,customer239@example.com,First239,Last239,2023-03-01 12:00:00,2023-03-01 12:00:00
240,customer240@example.com,First240,Last240,2023-03-01 18:00:00,2023-03-01 18:00:00
241,customer241@example.com,First241,Last241,2023-03-02 00:00:00,2023-03-02 00:00:00
242,customer242@example.com,First242,Last242,2023-03-02 06:00:00,2023-03-02 06:00:00
243,customer243@example.com,First243,Last243,2023-03-02 12:00:00,2023-03-02 12:00:00
244,customer244@example.com,First244,Last244,2023-03-02 18:00:00,2023-03-02 18:00:00
245,customer245@example.com,First245,Last245,2023-03-03 00:00:00,2023-03-03 00:00:00
246,customer246@example.com,First246,Last246,2023-03-03 06:00:00,2023-03-03 06:00:00
247,customer247@example.com,First247,Last247,2023-03-03 12:00:00,2023-03-03 12:00:00
248,customer248@example.com,First248,Last248,2023-03-03 18:00:00,2023-03-03 18:00:00
249,customer249@example.com,First249,Last249,2023-03-04 00:00:00,2023-03-04 00:00:00
250,customer250@example.com,First250,Last250,2023-03-04 06:00:00,2023-03-04 06:00:00
251,customer251@example.com,First251,Last251,2023-03-04 12:00:00,2023-03-04 12:00:00
252,customer252@example.com,First252,Last252,2023-03-04 18:00:00,2023-03-04 18:00:00
253,customer253@example.com,First253,Last253,2023-03-05 00:00:00,2023-03-05 00:00:00
254,customer254@example.com,First254,Last254,2023-03-05 06:00:00,2023-03-05 06:00:00
255,customer255@example.com,First255,Last255,2023-03-05 12:00:00,2023-03-05 12:00:00
256,customer256@example.com,First256,Last256,2023-03-05 18:00:00,2023-03-05 18:00:00
257,customer257@example.com,First257,Last257,2023-03-06 00:00:00,2023-03-06 00:00:00
258,customer258@example.com,First258,Last258,2023-03-06 06:00:00,2023-03-06 06:00:00
259,customer259@example.com,First259,Last259,2023-03-06 12:00:00,2023-03-06 12:00:00
260,customer260@example.com,First260,Last260,2023-03-06 18:00:00,2023-03-06 18:00:00
261,customer261@example.com,First261,Last261,2023-03-07 00:00:00,2023-03-07 00:00:00
262,customer262@example.com,First262,Last262,2023-03-07 06:00:00,2023-03-07 06:00:00
263,customer263@example.com,First263,Last263,2023-03-07 12:00:00,2023-03-07 12:00:00
264,customer264@example.com,First264,Last264,2023-03-07 18:00:00,2023-03-07 18:00:00
265,customer265@example.com,First265,Last265,2023-03-08 00:00:00,2023-03-08 00:00:00
266,customer266@example.com,First266,Last266,2023-03-08 06:00:00,2023-03-08 06:00:00
267,customer267@example.com,First267,Last267,2023-03-08 12:00:00,2023-03-08 12:00:00
268,customer268@example.com,First268,Last268,2023-03-08 18:00:00,2023-03-08 18:00:00
269,customer269@example.com,First269,Last269,2023-03-09 00:00:00,2023-03-09 00:00:00
270,customer270@example.com,First270,Last270,2023-03-09 06:00:00,2023-03-09 06:00:00
271,customer271@example.com,First271,Last271,2023-03-09 12:00:00,2023-03-09 12:00:00
272,customer272@example.com,First272,Last272,2023-03-09 18:00:00,2023-03-09 18:00:00
273,customer273@example.com,First273,Last273,2023-03-10 00:00:00,2023-03-10 00:00:00
274,customer274@example.com,First274,Last274,2023-03-10 06:00:00,2023-03-10 06:00:00
275,customer275@example.com,First275,Last275,2023-03-10 12:00:00,2023-03-10 12:00:00
276,customer276@example.com,First276,Last276,2023-03-10 18:00:00,2023-03-10 18:00:00
277,customer277@example.com,First277,Last277,2023-03-11 00:00:00,2023-03-11 00:00:00
278,customer278@example.com,First278,Last278,2023-03-11 06:00:00,2023-03-11 06:00:00
279,customer279@example.com,First279,Last279,2023-03-11 12:00:00,2023-03-11 12:00:00
280,customer280@example.com,First280,Last280,2023-03-11 18:00:00,2023-03-11 18:00:00
281,customer281@example.com,First281,Last281,2023-03-12 00:00:00,2023-03-12 00:00:00
282,customer282@example.com,First282,Last282,2023-03-12 06:00:00,2023-03-12 06:00:00
283,customer283@example.com,First283,Last283,2023-03-12 12:00:00,2023-03-12 12:00:00
284,customer284@example.com,First284,Last284,2023-03-12 18:00:00,2023-03-12 18:00:00
285,customer285@example.com,First285,Last285,2023-03-13 00:00:00,2023-03-13 00:00:00
286,customer286@example.com,First286,Last286,2023-03-13 06:00:00,2023-03-13 06:00:00
287,customer287@example.com,First287,Last287,2023-03-13 12:00:00,2023-03-13 12:00:00
288,customer288@example.com,First288,Last288,2023-03-13 18:00:00,2023-03-13 18:00:00
289,customer289@example.com,First289,Last289,2023-03-14 00:00:00,2023-03-14 00:00:00
290,customer290@example.com,First290,Last290,2023-03-14 06:00:00,2023-03-14 06:00:00
291,customer291@example.com,First291,Last291,2023-03-14 12:00:00,2023-03-14 12:00:00
292,customer292@example.com,First292,Last292,2023-03-14 18:00:00,2023-03-14 18:00:00
293,customer293@example.com,First293,Last293,2023-03-15 00:00:00,2023-03-15 00:00:00
294,customer294@example.com,First294,Last294,2023-03-15 06:00:00,2023-03-15 06:00:00
295,customer295@example.com,First295,Last295,2023-03-15 12:00:00,2023-03-15 12:00:00
296,customer296@example.com,First296,Last296,2023-03-15 18:00:00,2023-03-15 18:00:00
297,customer297@example.com,First297,Last297,2023-03-16 00:00:00,2023-03-16 00:00:00
298,customer298@example.com,First298,Last298,2023-03-16 06:00:00,2023-03-16 06:00:00
299,customer299@example.com,First299,Last299,2023-03-16 12:00:00,2023-03-16 12:00:00
300,customer300@example.com,First300,Last300,2023-03-16 18:00:00,2023-03-16 18:00:00
301,customer301@example.com,First301,Last301,2023-03-17 00:00:00,2023-03-17 00:00:00
302,customer302@example.com,First302,Last302,2023-03-17 06:00:00,2023-03-17 06:00:00
303,customer303@example.com,First303,Last303,2023-03-17 12:00:00,2023-03-17 12:00:00
304,customer304@example.com,First304,Last304,2023-03-17 18:00:00,2023-03-17 18:00:00
305,customer305@example.com,First305,Last305,2023-03-18 00:00:00,2023-03-18 00:00:00
306,customer306@example.com,First306,Last306,2023-03-18 06:00:00,2023-03-18 06:00:00
307,customer307@example.com,First307,Last307,2023-03-18 12:00:00,2023-03-18 12:00:00
308,customer308@example.com,First308,Last308,2023-03-18 18:00:00,2023-03-18 18:00:00
309,customer309@example.com,First309,Last309,2023-03-19 00:00:00,2023-03-19 00:00:00
310,customer310@example.com,First310,Last310,2023-03-19 06:00:00,2023-03-19 06:00:00
311,customer311@example.com,First311,Last311,2023-03-19 12:00:00,2023-03-19 12:00:00
312,customer312@example.com,First312,Last312,2023-03-19 18:00:00,2023-03-19 18:00:00
313,customer313@example.com,First313,Last313,2023-03-20 00:00:00,2023-03-20 00:00:00
314,customer314@example.com,First314,Last314,2023-03-20 06:00:00,2023-03-20 06:00:00
315,customer315@example.com,First315,Last315,2023-03-20 12:00:00,2023-03-20 12:00:00
316,customer316@example.com,First316,Last316,2023-03-20 18:00:00,2023-03-20 18:00:00
317,customer317@example.com,First317,Last317,2023-03-21 00:00:00,2023-03-21 00:00:00
318,customer318@example.com,First318,Last318,2023-03-21 06:00:00,2023-03-21 06:00:00
319,customer319@example.com,First319,Last319,2023-03-21 12:00:00,2023-03-21 12:00:00
320,customer320@example.com,First320,Last320,2023-03-21 18:00:00,2023-03-21 18:00:00
321,customer321@example.com,First321,Last321,2023-03-22 00:00:00,2023-03-22 00:00:00
322,customer322@example.com,First322,Last322,2023-03-22 06:00:00,2023-03-22 06:00:00
323,customer323@example.com,First323,Last323,2023-03-22 12:00:00,2023-03-22 12:00:00
324,customer324@example.com,First324,Last324,2023-03-22 18:00:00,2023-03-22 18:00:00
325,customer325@example.com,First325,Last325,2023-03-23 00:00:00,2023-03-23 00:00:00
326,customer326@example.com,First326,Last326,2023-03-23 06:00:00,2023-03-23 06:00:00
327,customer327@example.com,First327,Last327,2023-03-23 12:00:00,2023-03-23 12:00:00
328,customer328@example.com,First328,Last328,2023-03-23 18:00:00,2023-03-23 18:00:00
329,customer329@example.com,First329,Last329,2023-03-24 00:00:00,2023-03-24 00:00:00
330,customer330@example.com,First330,Last330,2023-03-24 06:00:00,2023-03-24 06:00:00
331,customer331@example.com,First331,Last331,2023-03-24 12:00:00,2023-03-24 12:00:00
332,customer332@example.com,First332,Last332,2023-03-24 18:00:00,2023-03-24 18:00:00
333,customer333@example.com,First333,Last333,2023-03-25 00:00:00,2023-03-25 00:00:00
334,customer334@example.com,First334,Last334,2023-03-25 06:00:00,2023-03-25 06:00:00
335,customer335@example.com,First335,Last335,2023-03-25 12:00:00,2023-03-25 12:00:00
336,customer336@example.com,First336,Last336,2023-03-25 18:00:00,2023-03-25 18:00:00
337,customer337@example.com,First337,Last337,2023-03-26 00:00:00,2023-03-26 00:00:00
338,customer338@example.com,First338,Last338,2023-03-26 06:00:00,2023-03-26 06:00:00
339,customer339@example.com,First339,Last339,2023-03-26 12:00:00,2023-03-26 12:00:00
340,customer340@example.com,First340,Last340,2023-03-26 18:00:00,2023-03-26 18:00:00
341,customer341@example.com,First341,Last341,2023-03-27 00:00:00,2023-03-27 00:00:00
342,customer342@example.com,First342,Last342,2023-03-27 06:00:00,2023-03-27 06:00:00
343,customer343@example.com,First343,Last343,2023-03-27 12:00:00,2023-03-27 12:00:00
344,customer344@example.com,First344,Last344,2023-03-27 18:00:00,2023-03-27 18:00:00
345,customer345@example.com,First345,Last345,2023-03-28 00:00:00,2023-03-28 00:00:00
346,customer346@example.com,First346,Last346,2023-03-28 06:00:00,2023-03-28 06:00:00
347,customer347@example.com,First347,Last347,2023-03-28 12:00:00,2023-03-28 12:00:00
348,customer348@example.com,First348,Last348,2023-03-28 18:00:00,2023-03-28 18:00:00
349,customer349@example.com,First349,Last349,2023-03-29 00:00:00,2023-03-29 00:00:00
350,customer350@example.com,First350,Last350,2023-03-29 06:00:00,2023-03-29 06:00:00
351,customer351@example.com,First351,Last351,2023-03-29 12:00:00,2023-03-29 12:00:00
352,customer352@example.com,First352,Last352,2023-03-29 18:00:00,2023-03-29 18:00:00
353,customer353@example.com,First353,Last353,2023-03-30 00:00:00,2023-03-30 00:00:00
354,customer354@example.com,First354,Last354,2023-03-30 06:00:00,2023-03-30 06:00:00
355,customer355@example.com,First355,Last355,2023-03-30 12:00:00,2023-03-30 12:00:00
356,customer356@example.com,First356,Last356,2023-03-30 18:00:00,2023-03-30 18:00:00
357,customer357@example.com,First357,Last357,2023-03-31 00:00:00,2023-03-31 00:00:00
358,customer358@example.com,First358,Last358,2023-03-31 06:00:00,2023-03-31 06:00:00
359,customer359@example.com,First359,Last359,2023-03-31 12:00:00,2023-03-31 12:00:00
360,customer360@example.com,First360,Last360,2023-03-31 18:00:00,2023-03-31 18:00:00
361,customer361@example.com,First361,Last361,2023-04-01 00:00:00,2023-04-01 00:00:00
362,customer362@example.com,First362,Last362,2023-04-01 06:00:00,2023-04-01 06:00:00
363,customer363@example.com,First363,Last363,2023-04-01 12:00:00,2023-04-01 12:00:00
364,customer364@example.com,First364,Last364,2023-04-01 18:00:00,2023-04-01 18:00:00
365,customer365@example.com,First365,Last365,2023-04-02 00:00:00,2023-04-02 00:00:00
366,customer366@example.com,First366,Last366,2023-04-02 06:00:00,2023-04-02 06:00:00
367,customer367@example.com,First367,Last367,2023-04-02 12:00:00,2023-04-02 12:00:00
368,customer368@example.com,First368,Last368,2023-04-02 18:00:00,2023-04-02 18:00:00
369,customer369@example.com,First369,Last369,2023-04-03 00:00:00,2023-04-03 00:00:00
370,customer370@example.com,First370,Last370,2023-04-03 06:00:00,2023-04-03 06:00:00
371,customer371@example.com,First371,Last371,2023-04-03 12:00:00,2023-04-03 12:00:00
372,customer372@example.com,First372,Last372,2023-04-03 18:00:00,2023-04-03 18:00:00
373,customer373@example.com,First373,Last373,2023-04-04 00:00:00,2023-04-04 00:00:00
374,customer374@example.com,First374,Last374,2023-04-04 06:00:00,2023-04-04 06:00:00
375,customer375@example.com,First375,Last375,2023-04-04 12:00:00,2023-04-04 12:00:00
376,customer376@example.com,First376,Last376,2023-04-04 18:00:00,2023-04-04 18:00:00
377,customer377@example.com,First377,Last377,2023-04-05 00:00:00,2023-04-05 00:00:00
378,customer378@example.com,First378,Last378,2023-04-05 06:00:00,2023-04-05 06:00:00
379,customer379@example.com,First379,Last379,2023-04-05 12:00:00,2023-04-05 12:00:00
380,customer380@example.com,First380,Last380,2023-04-05 18:00:00,2023-04-05 18:00:00
381,customer381@example.com,First381,Last381,2023-04-06 00:00:00,2023-04-06 00:00:00
382,customer382@example.com,First382,Last382,2023-04-06 06:00:00,2023-04-06 06:00:00
383,customer383@example.com,First383,Last383,2023-04-06 12:00:00,2023-04-06 12:00:00
384,customer384@example.com,First384,Last384,2023-04-06 18:00:00,2023-04-06 18:00:00
385,customer385@example.com,First385,Last385,2023-04-07 00:00:00,2023-04-07 00:00:00
386,customer386@example.com,First386,Last386,2023-04-07 06:00:00,2023-04-07 06:00:00
387,customer387@example.com,First387,Last387,2023-04-07 12:00:00,2023-04-07 12:00:00
388,customer388@example.com,First388,Last388,2023-04-07 18:00:00,2023-04-07 18:00:00
389,customer389@example.com,First389,Last389,2023-04-08 00:00:00,2023-04-08 00:00:00
390,customer390@example.com,First390,Last390,2023-04-08 06:00:00,2023-04-08 06:00:00
391,customer391@example.com,First391,Last391,2023-04-08 12:00:00,2023-04-08 12:00:00
392,customer392@example.com,First392,Last392,2023-04-08 18:00:00,2023-04-08 18:00:00
393,customer393@example.com,First393,Last393,2023-04-09 00:00:00,2023-04-09 00:00:00
394,customer394@example.com,First394,Last394,2023-04-09 06:00:00,2023-04-09 06:00:00
395,customer395@example.com,First395,Last395,2023-04-09 12:00:00,2023-04-09 12:00:00
396,customer396@example.com,First396,Last396,2023-04-09 18:00:00,2023-04-09 18:00:00
397,customer397@example.com,First397,Last397,2023-04-10 00:00:00,2023-04-10 00:00:00
398,customer398@example.com,First398,Last398,2023-04-10 06:00:00,2023-04-10 06:00:00
399,customer399@example.com,First399,Last399,2023-04-10 12:00:00,2023-04-10 12:00:00
400,customer400@example.com,First400,Last400,2023-04-10 18:00:00,2023-04-10 18:00:00
401,customer401@example.com,First401,Last401,2023-04-11 00:00:00,2023-04-11 00:00:00
402,customer402@example.com,First402,Last402,2023-04-11 06:00:00,2023-04-11 06:00:00
403,customer403@example.com,First403,Last403,2023-04-11 12:00:00,2023-04-11 12:00:00
404,customer404@example.com,First404,Last404,2023-04-11 18:00:00,2023-04-11 18:00:00
405,customer405@example.com,First405,Last405,2023-04-12 00:00:00,2023-04-12 00:00:00
406,customer406@example.com,First406,Last406,2023-04-12 06:00:00,2023-04-12 06:00:00
407,customer407@example.com,First407,Last407,2023-04-12 12:00:00,2023-04-12 12:00:00
408,customer408@example.com,First408,Last408,2023-04-12 18:00:00,2023-04-12 18:00:00
409,customer409@example.com,First409,Last409,2023-04-13 00:00:00,2023-04-13 00:00:00
410,customer410@example.com,First410,Last410,2023-04-13 06:00:00,2023-04-13 06:00:00
411,customer411@example.com,First411,Last411,2023-04-13 12:00:00,2023-04-13 12:00:00
412,customer412@example.com,First412,Last412,2023-04-13 18:00:00,2023-04-13 18:00:00
413,customer413@example.com,First413,Last413,2023-04-14 00:00:00,2023-04-14 00:00:00
414,customer414@example.com,First414,Last414,2023-04-14 06:00:00,2023-04-14 06:00:00
415,customer415@example.com,First415,Last415,2023-04-14 12:00:00,2023-04-14 12:00:00
416,customer416@example.com,First416,Last416,2023-04-14 18:00:00,2023-04-14 18:00:00
417,customer417@example.com,First417,Last417,2023-04-15 00:00:00,2023-04-15 00:00:00
418,customer418@example.com,First418,Last418,2023-04-15 06:00:00,2023-04-15 06:00:00
419,customer419@example.com,First419,Last419,2023-04-15 12:00:00,2023-04-15 12:00:00
420,customer420@example.com,First420,Last420,2023-04-15 18:00:00,2023-04-15 18:00:00
421,customer421@example.com,First421,Last421,2023-04-16 00:00:00,2023-04-16 00:00:00
422,customer422@example.com,First422,Last422,2023-04-16 06:00:00,2023-04-16 06:00:00
423,customer423@example.com,First423,Last423,2023-04-16 12:00:00,2023-04-16 12:00:00
424,customer424@example.com,First424,Last424,2023-04-16 18:00:00,2023-04-16 18:00:00
425,customer425@example.com,First425,Last425,2023-04-17 00:00:00,2023-04-17 00:00:00
426,customer426@example.com,First426,Last426,2023-04-17 06:00:00,2023-04-17 06:00:00
427,customer427@example.com,First427,Last427,2023-04-17 12:00:00,2023-04-17 12:00:00
428,customer428@example.com,First428,Last428,2023-04-17 18:00:00,2023-04-17 18:00:00
429,customer429@example.com,First429,Last429,2023-04-18 00:00:00,2023-04-18 00:00:00
430,customer430@example.com,First430,Last430,2023-04-18 06:00:00,2023-04-18 06:00:00
431,customer431@example.com,First431,Last431,2023-04-18 12:00:00,2023-04-18 12:00:00
432,customer432@example.com,First432,Last432,2023-04-18 18:00:00,2023-04-18 18:00:00
433,customer433@example.com,First433,Last433,2023-04-19 00:00:00,2023-04-19 00:00:00
434,customer434@example.com,First434,Last434,2023-04-19 06:00:00,2023-04-19 06:00:00
435,customer435@example.com,First435,Last435,2023-04-19 12:00:00,2023-04-19 12:00:00
436,customer436@example.com,First436,Last436,2023-04-19 18:00:00,2023-04-19 18:00:00
437,customer437@example.com,First437,Last437,2023-04-20 00:00:00,2023-04-20 00:00:00
438,customer438@example.com,First438,Last438,2023-04-20 06:00:00,2023-04-20 06:00:00
439,customer439@example.com,First439,Last439,2023-04-20 12:00:00,2023-04-20 12:00:00
440,customer440@example.com,First440,Last440,2023-04-20 18:00:00,2023-04-20 18:00:00
441,customer441@example.com,First441,Last441,2023-04-21 00:00:00,2023-04-21 00:00:00
442,customer442@example.com,First442,Last442,2023-04-21 06:00:00,2023-04-21 06:00:00
443,customer443@example.com,First443,Last443,2023-04-21 12:00:00,2023-04-21 12:00:00
444,customer444@example.com,First444,Last444,2023-04-21 18:00:00,2023-04-21 18:00:00
445,customer445@example.com,First445,Last445,2023-04-22 00:00:00,2023-04-22 00:00:00
446,customer446@example.com,First446,Last446,2023-04-22 06:00:00,2023-04-22 06:00:00
447,customer447@example.com,First447,Last447,2023-04-22 12:00:00,2023-04-22 12:00:00
448,customer448@example.com,First448,Last448,2023-04-22 18:00:00,2023-04-22 18:00:00
449,customer449@example.com,First449,Last449,2023-04-23 00:00:00,2023-04-23 00:00:00
450,customer450@example.com,First450,Last450,2023-04-23 06:00:00,2023-04-23 06:00:00
451,customer451@example.com,First451,Last451,2023-04-23 12:00:00,2023-04-23 12:00:00
452,customer452@example.com,First452,Last452,2023-04-23 18:00:00,2023-04-23 18:00:00
453,customer453@example.com,First453,Last453,2023-04-24 00:00:00,2023-04-24 00:00:00
454,customer454@example.com,First454,Last454,2023-04-24 06:00:00,2023-04-24 06:00:00
455,customer455@example.com,First455,Last455,2023-04-24 12:00:00,2023-04-24 12:00:00
456,customer456@example.com,First456,Last456,2023-04-24 18:00:00,2023-04-24 18:00:00
457,customer457@example.com,First457,Last457,2023-04-25 00:00:00,2023-04-25 00:00:00
458,customer458@example.com,First458,Last458,2023-04-25 06:00:00,2023-04-25 06:00:00
459,customer459@example.com,First459,Last459,2023-04-25 12:00:00,2023-04-25 12:00:00
460,customer460@example.com,First460,Last460,2023-04-25 18:00:00,2023-04-25 18:00:00
461,customer461@example.com,First461,Last461,2023-04-26 00:00:00,2023-04-26 00:00:00
462,customer462@example.com,First462,Last462,2023-04-26 06:00:00,2023-04-26 06:00:00
463,customer463@example.com,First463,Last463,2023-04-26 12:00:00,2023-04-26 12:00:00
464,customer464@example.com,First464,Last464,2023-04-26 18:00:00,2023-04-26 18:00:00
465,customer465@example.com,First465,Last465,2023-04-27 00:00:00,2023-04-27 00:00:00
466,customer466@example.com,First466,Last466,2023-04-27 06:00:00,2023-04-27 06:00:00
467,customer467@example.com,First467,Last467,2023-04-27 12:00:00,2023-04-27 12:00:00
468,customer468@example.com,First468,Last468,2023-04-27 18:00:00,2023-04-27 18:00:00
469,customer469@example.com,First469,Last469,2023-04-28 00:00:00,2023-04-28 00:00:00
470,customer470@example.com,First470,Last470,2023-04-28 06:00:00,2023-04-28 06:00:00
471,customer471@example.com,First471,Last471,2023-04-28 12:00:00,2023-04-28 12:00:00
472,customer472@example.com,First472,Last472,2023-04-28 18:00:00,2023-04-28 18:00:00
473,customer473@example.com,First473,Last473,2023-04-29 00:00:00,2023-04-29 00:00:00
474,customer474@example.com,First474,Last474,2023-04-29 06:00:00,2023-04-29 06:00:00
475,customer475@example.com,First475,Last475,2023-04-29 12:00:00,2023-04-29 12:00:00
476,customer476@example.com,First476,Last476,2023-04-29 18:00:00,2023-04-29 18:00:00
477,customer477@example.com,First477,Last477,2023-04-30 00:00:00,2023-04-30 00:00:00
478,customer478@example.com,First478,Last478,2023-04-30 06:00:00,2023-04-30 06:00:00
479,customer479@example.com,First479,Last479,2023-04-30 12:00:00,2023-04-30 12:00:00
480,customer480@example.com,First480,Last480,2023-04-30 18:00:00,2023-04-30 18:00:00
481,customer481@example.com,First481,Last481,2023-05-01 00:00:00,2023-05-01 00:00:00
482,customer482@example.com,First482,Last482,2023-05-01 06:00:00,2023-05-01 06:00:00
483,customer483@example.com,First483,Last483,2023-05-01 12:00:00,2023-05-01 12:00:00
484,customer484@example.com,First484,Last484,2023-05-01 18:00:00,2023-05-01 18:00:00
485,customer485@example.com,First485,Last485,2023-05-02 00:00:00,2023-05-02 00:00:00
486,customer486@example.com,First486,Last486,2023-05-02 06:00:00,2023-05-02 06:00:00
487,customer487@example.com,First487,Last487,2023-05-02 12:00:00,2023-05-02 12:00:00
488,customer488@example.com,First488,Last488,2023-05-02 18:00:00,2023-05-02 18:00:00
489,customer489@example.com,First489,Last489,2023-05-03 00:00:00,2023-05-03 00:00:00
490,customer490@example.com,First490,Last490,2023-05-03 06:00:00,2023-05-03 06:00:00
491,customer491@example.com,First491,Last491,2023-05-03 12:00:00,2023-05-03 12:00:00
492,customer492@example.com,First492,Last492,2023-05-03 18:00:00,2023-05-03 18:00:00
493,customer493@example.com,First493,Last493,2023-05-04 00:00:00,2023-05-04 00:00:00
494,customer494@example.com,First494,Last494,2023-05-04 06:00:00,2023-05-04 06:00:00
495,customer495@example.com,First495,Last495,2023-05-04 12:00:00,2023-05-04 12:00:00
496,customer496@example.com,First496,Last496,2023-05-04 18:00:00,2023-05-04 18:00:00
497,customer497@example.com,First497,Last497,2023-05-05 00:00:00,2023-05-05 00:00:00
498,customer498@example.com,First498,Last498,2023-05-05 06:00:00,2023-05-05 06:00:00
499,customer499@example.com,First499,Last499,2023-05-05 12:00:00,2023-05-05 12:00:00
500,customer500@example.com,First500,Last500,2023-05-05 18:00:00,2023-05-05 18:00:00
501,customer501@example.com,First501,Last501,2023-05-06 00:00:00,2023-05-06 00:00:00
502,customer502@example.com,First502,Last502,2023-05-06 06:00:00,2023-05-06 06:00:00
503,customer503@example.com,First503,Last503,2023-05-06 12:00:00,2023-05-06 12:00:00
504,customer504@example.com,First504,Last504,2023-05-06 18:00:00,2023-05-06 18:00:00
505,customer505@example.com,First505,Last505,2023-05-07 00:00:00,2023-05-07 00:00:00
506,customer506@example.com,First506,Last506,2023-05-07 06:00:00,2023-05-07 06:00:00
507,customer507@example.com,First507,Last507,2023-05-07 12:00:00,2023-05-07 12:00:00
508,customer508@example.com,First508,Last508,2023-05-07 18:00:00,2023-05-07 18:00:00
509,customer509@example.com,First509,Last509,2023-05-08 00:00:00,2023-05-08 00:00:00
510,customer510@example.com,First510,Last510,2023-05-08 06:00:00,2023-05-08 06:00:00
511,customer511@example.com,First511,Last511,2023-05-08 12:00:00,2023-05-08 12:00:00
512,customer512@example.com,First512,Last512,2023-05-08 18:00:00,2023-05-08 18:00:00
513,customer513@example.com,First513,Last513,2023-05-09 00:00:00,2023-05-09 00:00:00
514,customer514@example.com,First514,Last514,2023-05-09 06:00:00,2023-05-09 06:00:00
515,customer515@example.com,First515,Last515,2023-05-09 12:00:00,2023-05-09 12:00:00
516,customer516@example.com,First516,Last516,2023-05-09 18:00:00,2023-05-09 18:00:00
517,customer517@example.com,First517,Last517,2023-05-10 00:00:00,2023-05-10 00:00:00
518,customer518@example.com,First518,Last518,2023-05-10 06:00:00,2023-05-10 06:00:00
519,customer519@example.com,First519,Last519,2023-05-10 12:00:00,2023-05-10 12:00:00
520,customer520@example.com,First520,Last520,2023-05-10 18:00:00,2023-05-10 18:00:00
521,customer521@example.com,First521,Last521,2023-05-11 00:00:00,2023-05-11 00:00:00
522,customer522@example.com,First522,Last522,2023-05-11 06:00:00,2023-05-11 06:00:00
523,customer523@example.com,First523,Last523,2023-05-11 12:00:00,2023-05-11 12:00:00
524,customer524@example.com,First524,Last524,2023-05-11 18:00:00,2023-05-11 18:00:00
525,customer525@example.com,First525,Last525,2023-05-12 00:00:00,2023-05-12 00:00:00
526,customer526@example.com,First526,Last526,2023-05-12 06:00:00,2023-05-12 06:00:00
527,customer527@example.com,First527,Last527,2023-05-12 12:00:00,2023-05-12 12:00:00
528,customer528@example.com,First528,Last528,2023-05-12 18:00:00,2023-05-12 18:00:00
529,customer529@example.com,First529,Last529,2023-05-13 00:00:00,2023-05-13 00:00:00
530,customer530@example.com,First530,Last530,2023-05-13 06:00:00,2023-05-13 06:00:00
531,customer531@example.com,First531,Last531,2023-05-13 12:00:00,2023-05-13 12:00:00
532,customer532@example.com,First532,Last532,2023-05-13 18:00:00,2023-05-13 18:00:00
533,customer533@example.com,First533,Last533,2023-05-14 00:00:00,2023-05-14 00:00:00
534,customer534@example.com,First534,Last534,2023-05-14 06:00:00,2023-05-14 06:00:00
535,customer535@example.com,First535,Last535,2023-05-14 12:00:00,2023-05-14 12:00:00
536,customer536@example.com,First536,Last536,2023-05-14 18:00:00,2023-05-14 18:00:00
537,customer537@example.com,First537,Last537,2023-05-15 00:00:00,2023-05-15 00:00:00
538,customer538@example.com,First538,Last538,2023-05-15 06:00:00,2023-05-15 06:00:00
539,customer539@example.com,First539,Last539,2023-05-15 12:00:00,2023-05-15 12:00:00
540,customer540@example.com,First540,Last540,2023-05-15 18:00:00,2023-05-15 18:00:00
541,customer541@example.com,First541,Last541,2023-05-16 00:00:00,2023-05-16 00:00:00
542,customer542@example.com,First542,Last542,2023-05-16 06:00:00,2023-05-16 06:00:00
543,customer543@example.com,First543,Last543,2023-05-16 12:00:00,2023-05-16 12:00:00
544,customer544@example.com,First544,Last544,2023-05-16 18:00:00,2023-05-16 18:00:00
545,customer545@example.com,First545,Last545,2023-05-17 00:00:00,2023-05-17 00:00:00
546,customer546@example.com,First546,Last546,2023-05-17 06:00:00,2023-05-17 06:00:00
547,customer547@example.com,First547,Last547,2023-05-17 12:00:00,2023-05-17 12:00:00
548,customer548@example.com,First548,Last548,2023-05-17 18:00:00,2023-05-17 18:00:00
549,customer549@example.com,First549,Last549,2023-05-18 00:00:00,2023-05-18 00:00:00
550,customer550@example.com,First550,Last550,2023-05-18 06:00:00,2023-05-18 06:00:00
551,customer551@example.com,First551,Last551,2023-05-18 12:00:00,2023-05-18 12:00:00
552,customer552@example.com,First552,Last552,2023-05-18 18:00:00,2023-05-18 18:00:00
553,customer553@example.com,First553,Last553,2023-05-19 00:00:00,2023-05-19 00:00:00
554,customer554@example.com,First554,Last554,2023-05-19 06:00:00,2023-05-19 06:00:00
555,customer555@example.com,First555,Last555,2023-05-19 12:00:00,2023-05-19 12:00:00
556,customer556@example.com,First556,Last556,2023-05-19 18:00:00,2023-05-19 18:00:00
557,customer557@example.com,First557,Last557,2023-05-20 00:00:00,2023-05-20 00:00:00
558,customer558@example.com,First558,Last558,2023-05-20 06:00:00,2023-05-20 06:00:00
559,customer559@example.com,First559,Last559,2023-05-20 12:00:00,2023-05-20 12:00:00
560,customer560@example.com,First560,Last560,2023-05-20 18:00:00,2023-05-20 18:00:00
561,customer561@example.com,First561,Last561,2023-05-21 00:00:00,2023-05-21 00:00:00
562,customer562@example.com,First562,Last562,2023-05-21 06:00:00,2023-05-21 06:00:00
563,customer563@example.com,First563,Last563,2023-05-21 12:00:00,2023-05-21 12:00:00
564,customer564@example.com,First564,Last564,2023-05-21 18:00:00,2023-05-21 18:00:00
565,customer565@example.com,First565,Last565,2023-05-22 00:00:00,2023-05-22 00:00:00
566,customer566@example.com,First566,Last566,2023-05-22 06:00:00,2023-05-22 06:00:00
567,customer567@example.com,First567,Last567,2023-05-22 12:00:00,2023-05-22 12:00:00
568,customer568@example.com,First568,Last568,2023-05-22 18:00:00,2023-05-22 18:00:00
569,customer569@example.com,First569,Last569,2023-05-23 00:00:00,2023-05-23 00:00:00
570,customer570@example.com,First570,Last570,2023-05-23 06:00:00,2023-05-23 06:00:00
571,customer571@example.com,First571,Last571,2023-05-23 12:00:00,2023-05-23 12:00:00
572,customer572@example.com,First572,Last572,2023-05-23 18:00:00,2023-05-23 18:00:00
573,customer573@example.com,First573,Last573,2023-05-24 00:00:00,2023-05-24 00:00:00
574,customer574@example.com,First574,Last574,2023-05-24 06:00:00,2023-05-24 06:00:00
575,customer575@example.com,First575,Last575,2023-05-24 12:00:00,2023-05-24 12:00:00
576,customer576@example.com,First576,Last576,2023-05-24 18:00:00,2023-05-24 18:00:00
577,customer577@example.com,First577,Last577,2023-05-25 00:00:00,2023-05-25 00:00:00
578,customer578@example.com,First578,Last578,2023-05-25 06:00:00,2023-05-25 06:00:00
579,customer579@example.com,First579,Last579,2023-05-25 12:00:00,2023-05-25 12:00:00
580,customer580@example.com,First580,Last580,2023-05-25 18:00:00,2023-05-25 18:00:00
581,customer581@example.com,First581,Last581,2023-05-26 00:00:00,2023-05-26 00:00:00
582,customer582@example.com,First582,Last582,2023-05-26 06:00:00,2023-05-26 06:00:00
583,customer583@example.com,First583,Last583,2023-05-26 12:00:00,2023-05-26 12:00:00
584,customer584@example.com,First584,Last584,2023-05-26 18:00:00,2023-05-26 18:00:00
585,customer585@example.com,First585,Last585,2023-05-27 00:00:00,2023-05-27 00:00:00
586,customer586@example.com,First586,Last586,2023-05-27 06:00:00,2023-05-27 06:00:00
587,customer587@example.com,First587,Last587,2023-05-27 12:00:00,2023-05-27 12:00:00
588,customer588@example.com,First588,Last588,2023-05-27 18:00:00,2023-05-27 18:00:00
589,customer589@example.com,First589,Last589,2023-05-28 00:00:00,2023-05-28 00:00:00
590,customer590@example.com,First590,Last590,2023-05-28 06:00:00,2023-05-28 06:00:00
591,customer591@example.com,First591,Last591,2023-05-28 12:00:00,2023-05-28 12:00:00
592,customer592@example.com,First592,Last592,2023-05-28 18:00:00,2023-05-28 18:00:00
593,customer593@example.com,First593,Last593,2023-05-29 00:00:00,2023-05-29 00:00:00
594,customer594@example.com,First594,Last594,2023-05-29 06:00:00,2023-05-29 06:00:00
595,customer595@example.com,First595,Last595,2023-05-29 12:00:00,2023-05-29 12:00:00
596,customer596@example.com,First596,Last596,2023-05-29 18:00:00,2023-05-29 18:00:00
597,customer597@example.com,First597,Last597,2023-05-30 00:00:00,2023-05-30 00:00:00
598,customer598@example.com,First598,Last598,2023-05-30 06:00:00,2023-05-30 06:00:00
599,customer599@example.com,First599,Last599,2023-05-30 12:00:00,2023-05-30 12:00:00
600,customer600@example.com,First600,Last600,2023-05-30 18:00:00,2023-05-30 18:00:00
601,customer601@example.com,First601,Last601,2023-05-31 00:00:00,2023-05-31 00:00:00
602,customer602@example.com,First602,Last602,2023-05-31 06:00:00,2023-05-31 06:00:00
603,customer603@example.com,First603,Last603,2023-05-31 12:00:00,2023-05-31 12:00:00
604,customer604@example.com,First604,Last604,2023-05-31 18:00:00,2023-05-31 18:00:00
605,customer605@example.com,First605,Last605,2023-06-01 00:00:00,2023-06-01 00:00:00
606,customer606@example.com,First606,Last606,2023-06-01 06:00:00,2023-06-01 06:00:00
607,customer607@example.com,First607,Last607,2023-06-01 12:00:00,2023-06-01 12:00:00
608,customer608@example.com,First608,Last608,2023-06-01 18:00:00,2023-06-01 18:00:00
609,customer609@example.com,First609,Last609,2023-06-02 00:00:00,2023-06-02 00:00:00
610,customer610@example.com,First610,Last610,2023-06-02 06:00:00,2023-06-02 06:00:00
611,customer611@example.com,First611,Last611,2023-06-02 12:00:00,2023-06-02 12:00:00
612,customer612@example.com,First612,Last612,2023-06-02 18:00:00,2023-06-02 18:00:00
613,customer613@example.com,First613,Last613,2023-06-03 00:00:00,2023-06-03 00:00:00
614,customer614@example.com,First614,Last614,2023-06-03 06:00:00,2023-06-03 06:00:00
615,customer615@example.com,First615,Last615,2023-06-03 12:00:00,2023-06-03 12:00:00
616,customer616@example.com,First616,Last616,2023-06-03 18:00:00,2023-06-03 18:00:00
617,customer617@example.com,First617,Last617,2023-06-04 00:00:00,2023-06-04 00:00:00
618,customer618@example.com,First618,Last618,2023-06-04 06:00:00,2023-06-04 06:00:00
619,customer619@example.com,First619,Last619,2023-06-04 12:00:00,2023-06-04 12:00:00
620,customer620@example.com,First620,Last620,2023-06-04 18:00:00,2023-06-04 18:00:00
621,customer621@example.com,First621,Last621,2023-06-05 00:00:00,2023-06-05 00:00:00
622,customer622@example.com,First622,Last622,2023-06-05 06:00:00,2023-06-05 06:00:00
623,customer623@example.com,First623,Last623,2023-06-05 12:00:00,2023-06-05 12:00:00
624,customer624@example.com,First624,Last624,2023-06-05 18:00:00,2023-06-05 18:00:00
625,customer625@example.com,First625,Last625,2023-06-06 00:00:00,2023-06-06 00:00:00
626,customer626@example.com,First626,Last626,2023-06-06 06:00:00,2023-06-06 06:00:00
627,customer627@example.com,First627,Last627,2023-06-06 12:00:00,2023-06-06 12:00:00
628,customer628@example.com,First628,Last628,2023-06-06 18:00:00,2023-06-06 18:00:00
629,customer629@example.com,First629,Last629,2023-06-07 00:00:00,2023-06-07 00:00:00
630,customer630@example.com,First630,Last630,2023-06-07 06:00:00,2023-06-07 06:00:00
631,customer631@example.com,First631,Last631,2023-06-07 12:00:00,2023-06-07 12:00:00
632,customer632@example.com,First632,Last632,2023-06-07 18:00:00,2023-06-07 18:00:00
633,customer633@example.com,First633,Last633,2023-06-08 00:00:00,2023-06-08 00:00:00
634,customer634@example.com,First634,Last634,2023-06-08 06:00:00,2023-06-08 06:00:00
635,customer635@example.com,First635,Last635,2023-06-08 12:00:00,2023-06-08 12:00:00
636,customer636@example.com,First636,Last636,2023-06-08 18:00:00,2023-06-08 18:00:00
637,customer637@example.com,First637,Last637,2023-06-09 00:00:00,2023-06-09 00:00:00
638,customer638@example.com,First638,Last638,2023-06-09 06:00:00,2023-06-09 06:00:00
639,customer639@example.com,First639,Last639,2023-06-09 12:00:00,2023-06-09 12:00:00
640,customer640@example.com,First640,Last640,2023-06-09 18:00:00,2023-06-09 18:00:00
641,customer641@example.com,First641,Last641,2023-06-10 00:00:00,2023-06-10 00:00:00
642,customer642@example.com,First642,Last642,2023-06-10 06:00:00,2023-06-10 06:00:00
643,customer643@example.com,First643,Last643,2023-06-10 12:00:00,2023-06-10 12:00:00
644,customer644@example.com,First644,Last644,2023-06-10 18:00:00,2023-06-10 18:00:00
645,customer645@example.com,First645,Last645,2023-06-11 00:00:00,2023-06-11 00:00:00
646,customer646@example.com,First646,Last646,2023-06-11 06:00:00,2023-06-11 06:00:00
647,customer647@example.com,First647,Last647,2023-06-11 12:00:00,2023-06-11 12:00:00
648,customer648@example.com,First648,Last648,2023-06-11 18:00:00,2023-06-11 18:00:00
649,customer649@example.com,First649,Last649,2023-06-12 00:00:00,2023-06-12 00:00:00
650,customer650@example.com,First650,Last650,2023-06-12 06:00:00,2023-06-12 06:00:00
651,customer651@example.com,First651,Last651,2023-06-12 12:00:00,2023-06-12 12:00:00
652,customer652@example.com,First652,Last652,2023-06-12 18:00:00,2023-06-12 18:00:00
653,customer653@example.com,First653,Last653,2023-06-13 00:00:00,2023-06-13 00:00:00
654,customer654@example.com,First654,Last654,2023-06-13 06:00:00,2023-06-13 06:00:00
655,customer655@example.com,First655,Last655,2023-06-13 12:00:00,2023-06-13 12:00:00
656,customer656@example.com,First656,Last656,2023-06-13 18:00:00,2023-06-13 18:00:00
657,customer657@example.com,First657,Last657,2023-06-14 00:00:00,2023-06-14 00:00:00
658,customer658@example.com,First658,Last658,2023-06-14 06:00:00,2023-06-14 06:00:00
659,customer659@example.com,First659,Last659,2023-06-14 12:00:00,2023-06-14 12:00:00
660,customer660@example.com,First660,Last660,2023-06-14 18:00:00,2023-06-14 18:00:00
661,customer661@example.com,First661,Last661,2023-06-15 00:00:00,2023-06-15 00:00:00
662,customer662@example.com,First662,Last662,2023-06-15 06:00:00,2023-06-15 06:00:00
663,customer663@example.com,First663,Last663,2023-06-15 12:00:00,2023-06-15 12:00:00
664,customer664@example.com,First664,Last664,2023-06-15 18:00:00,2023-06-15 18:00:00
665,customer665@example.com,First665,Last665,2023-06-16 00:00:00,2023-06-16 00:00:00
666,customer666@example.com,First666,Last666,2023-06-16 06:00:00,2023-06-16 06:00:00
667,customer667@example.com,First667,Last667,2023-06-16 12:00:00,2023-06-16 12:00:00
668,customer668@example.com,First668,Last668,2023-06-16 18:00:00,2023-06-16 18:00:00
669,customer669@example.com,First669,Last669,2023-06-17 00:00:00,2023-06-17 00:00:00
670,customer670@example.com,First670,Last670,2023-06-17 06:00:00,2023-06-17 06:00:00
671,customer671@example.com,First671,Last671,2023-06-17 12:00:00,2023-06-17 12:00:00
672,customer672@example.com,First672,Last672,2023-06-17 18:00:00,2023-06-17 18:00:00
673,customer673@example.com,First673,Last673,2023-06-18 00:00:00,2023-06-18 00:00:00
674,customer674@example.com,First674,Last674,2023-06-18 06:00:00,2023-06-18 06:00:00
675,customer675@example.com,First675,Last675,2023-06-18 12:00:00,2023-06-18 12:00:00
676,customer676@example.com,First676,Last676,2023-06-18 18:00:00,2023-06-18 18:00:00
677,customer677@example.com,First677,Last677,2023-06-19 00:00:00,2023-06-19 00:00:00
678,customer678@example.com,First678,Last678,2023-06-19 06:00:00,2023-06-19 06:00:00
679,customer679@example.com,First679,Last679,2023-06-19 12:00:00,2023-06-19 12:00:00
680,customer680@example.com,First680,Last680,2023-06-19 18:00:00,2023-06-19 18:00:00
681,customer681@example.com,First681,Last681,2023-06-20 00:00:00,2023-06-20 00:00:00
682,customer682@example.com,First682,Last682,2023-06-20 06:00:00,2023-06-20 06:00:00
683,customer683@example.com,First683,Last683,2023-06-20 12:00:00,2023-06-20 12:00:00
684,customer684@example.com,First684,Last684,2023-06-20 18:00:00,2023-06-20 18:00:00
685,customer685@example.com,First685,Last685,2023-06-21 00:00:00,2023-06-21 00:00:00
686,customer686@example.com,First686,Last686,2023-06-21 06:00:00,2023-06-21 06:00:00
687,customer687@example.com,First687,Last687,2023-06-21 12:00:00,2023-06-21 12:00:00
688,customer688@example.com,First688,Last688,2023-06-21 18:00:00,2023-06-21 18:00:00
689,customer689@example.com,First689,Last689,2023-06-22 00:00:00,2023-06-22 00:00:00
690,customer690@example.com,First690,Last690,2023-06-22 06:00:00,2023-06-22 06:00:00
691,customer691@example.com,First691,Last691,2023-06-22 12:00:00,2023-06-22 12:00:00
692,customer692@example.com,First692,Last692,2023-06-22 18:00:00,2023-06-22 18:00:00
693,customer693@example.com,First693,Last693,2023-06-23 00:00:00,2023-06-23 00:00:00
694,customer694@example.com,First694,Last694,2023-06-23 06:00:00,2023-06-23 06:00:00
695,customer695@example.com,First695,Last695,2023-06-23 12:00:00,2023-06-23 12:00:00
696,customer696@example.com,First696,Last696,2023-06-23 18:00:00,2023-06-23 18:00:00
697,customer697@example.com,First697,Last697,2023-06-24 00:00:00,2023-06-24 00:00:00
698,customer698@example.com,First698,Last698,2023-06-24 06:00:00,2023-06-24 06:00:00
699,customer699@example.com,First699,Last699,2023-06-24 12:00:00,2023-06-24 12:00:00
700,customer700@example.com,First700,Last700,2023-06-24 18:00:00,2023-06-24 18:00:00
701,customer701@example.com,First701,Last701,2023-06-25 00:00:00,2023-06-25 00:00:00
702,customer702@example.com,First702,Last702,2023-06-25 06:00:00,2023-06-25 06:00:00
703,customer703@example.com,First703,Last703,2023-06-25 12:00:00,2023-06-25 12:00:00
704,customer704@example.com,First704,Last704,2023-06-25 18:00:00,2023-06-25 18:00:00
705,customer705@example.com,First705,Last705,2023-06-26 00:00:00,2023-06-26 00:00:00
706,customer706@example.com,First706,Last706,2023-06-26 06:00:00,2023-06-26 06:00:00
707,customer707@example.com,First707,Last707,2023-06-26 12:00:00,2023-06-26 12:00:00
708,customer708@example.com,First708,Last708,2023-06-26 18:00:00,2023-06-26 18:00:00
709,customer709@example.com,First709,Last709,2023-06-27 00:00:00,2023-06-27 00:00:00
710,customer710@example.com,First710,Last710,2023-06-27 06:00:00,2023-06-27 06:00:00
711,customer711@example.com,First711,Last711,2023-06-27 12:00:00,2023-06-27 12:00:00
712,customer712@example.com,First712,Last712,2023-06-27 18:00:00,2023-06-27 18:00:00
713,customer713@example.com,First713,Last713,2023-06-28 00:00:00,2023-06-28 00:00:00
714,customer714@example.com,First714,Last714,2023-06-28 06:00:00,2023-06-28 06:00:00
715,customer715@example.com,First715,Last715,2023-06-28 12:00:00,2023-06-28 12:00:00
716,customer716@example.com,First716,Last716,2023-06-28 18:00:00,2023-06-28 18:00:00
717,customer717@example.com,First717,Last717,2023-06-29 00:00:00,2023-06-29 00:00:00
718,customer718@example.com,First718,Last718,2023-06-29 06:00:00,2023-06-29 06:00:00
719,customer719@example.com,First719,Last719,2023-06-29 12:00:00,2023-06-29 12:00:00
720,customer720@example.com,First720,Last720,2023-06-29 18:00:00,2023-06-29 18:00:00
721,customer721@example.com,First721,Last721,2023-06-30 00:00:00,2023-06-30 00:00:00
722,customer722@example.com,First722,Last722,2023-06-30 06:00:00,2023-06-30 06:00:00
723,customer723@example.com,First723,Last723,2023-06-30 12:00:00,2023-06-30 12:00:00
724,customer724@example.com,First724,Last724,2023-06-30 18:00:00,2023-06-30 18:00:00
725,customer725@example.com,First725,Last725,2023-07-01 00:00:00,2023-07-01 00:00:00
726,customer726@example.com,First726,Last726,2023-07-01 06:00:00,2023-07-01 06:00:00
727,customer727@example.com,First727,Last727,2023-07-01 12:00:00,2023-07-01 12:00:00
728,customer728@example.com,First728,Last728,2023-07-01 18:00:00,2023-07-01 18:00:00
729,customer729@example.com,First729,Last729,2023-07-02 00:00:00,2023-07-02 00:00:00
730,customer730@example.com,First730,Last730,2023-07-02 06:00:00,2023-07-02 06:00:00
731,customer731@example.com,First731,Last731,2023-07-02 12:00:00,2023-07-02 12:00:00
732,customer732@example.com,First732,Last732,2023-07-02 18:00:00,2023-07-02 18:00:00
733,customer733@example.com,First733,Last733,2023-07-03 00:00:00,2023-07-03 00:00:00
734,customer734@example.com,First734,Last734,2023-07-03 06:00:00,2023-07-03 06:00:00
735,customer735@example.com,First735,Last735,2023-07-03 12:00:00,2023-07-03 12:00:00
736,customer736@example.com,First736,Last736,2023-07-03 18:00:00,2023-07-03 18:00:00
737,customer737@example.com,First737,Last737,2023-07-04 00:00:00,2023-07-04 00:00:00
738,customer738@example.com,First738,Last738,2023-07-04 06:00:00,2023-07-04 06:00:00
739,customer739@example.com,First739,Last739,2023-07-04 12:00:00,2023-07-04 12:00:00
740,customer740@example.com,First740,Last740,2023-07-04 18:00:00,2023-07-04 18:00:00
741,customer741@example.com,First741,Last741,2023-07-05 00:00:00,2023-07-05 00:00:00
742,customer742@example.com,First742,Last742,2023-07-05 06:00:00,2023-07-05 06:00:00
743,customer743@example.com,First743,Last743,2023-07-05 12:00:00,2023-07-05 12:00:00
744,customer744@example.com,First744,Last744,2023-07-05 18:00:00,2023-07-05 18:00:00
745,customer745@example.com,First745,Last745,2023-07-06 00:00:00,2023-07-06 00:00:00
746,customer746@example.com,First746,Last746,2023-07-06 06:00:00,2023-07-06 06:00:00
747,customer747@example.com,First747,Last747,2023-07-06 12:00:00,2023-07-06 12:00:00
748,customer748@example.com,First748,Last748,2023-07-06 18:00:00,2023-07-06 18:00:00
749,customer749@example.com,First749,Last749,2023-07-07 00:00:00,2023-07-07 00:00:00
750,customer750@example.com,First750,Last750,2023-07-07 06:00:00,2023-07-07 06:00:00
751,customer751@example.com,First751,Last751,2023-07-07 12:00:00,2023-07-07 12:00:00
752,customer752@example.com,First752,Last752,2023-07-07 18:00:00,2023-07-07 18:00:00
753,customer753@example.com,First753,Last753,2023-07-08 00:00:00,2023-07-08 00:00:00
754,customer754@example.com,First754,Last754,2023-07-08 06:00:00,2023-07-08 06:00:00
755,customer755@example.com,First755,Last755,2023-07-08 12:00:00,2023-07-08 12:00:00
756,customer756@example.com,First756,Last756,2023-07-08 18:00:00,2023-07-08 18:00:00
757,customer757@example.com,First757,Last757,2023-07-09 00:00:00,2023-07-09 00:00:00
758,customer758@example.com,First758,Last758,2023-07-09 06:00:00,2023-07-09 06:00:00
759,customer759@example.com,First759,Last759,2023-07-09 12:00:00,2023-07-09 12:00:00
760,customer760@example.com,First760,Last760,2023-07-09 18:00:00,2023-07-09 18:00:00
761,customer761@example.com,First761,Last761,2023-07-10 00:00:00,2023-07-10 00:00:00
762,customer762@example.com,First762,Last762,2023-07-10 06:00:00,2023-07-10 06:00:00
763,customer763@example.com,First763,Last763,2023-07-10 12:00:00,2023-07-10 12:00:00
764,customer764@example.com,First764,Last764,2023-07-10 18:00:00,2023-07-10 18:00:00
765,customer765@example.com,First765,Last765,2023-07-11 00:00:00,2023-07-11 00:00:00
766,customer766@example.com,First766,Last766,2023-07-11 06:00:00,2023-07-11 06:00:00
767,customer767@example.com,First767,Last767,2023-07-11 12:00:00,2023-07-11 12:00:00
768,customer768@example.com,First768,Last768,2023-07-11 18:00:00,2023-07-11 18:00:00
769,customer769@example.com,First769,Last769,2023-07-12 00:00:00,2023-07-12 00:00:00
770,customer770@example.com,First770,Last770,2023-07-12 06:00:00,2023-07-12 06:00:00
771,customer771@example.com,First771,Last771,2023-07-12 12:00:00,2023-07-12 12:00:00
772,customer772@example.com,First772,Last772,2023-07-12 18:00:00,2023-07-12 18:00:00
773,customer773@example.com,First773,Last773,2023-07-13 00:00:00,2023-07-13 00:00:00
774,customer774@example.com,First774,Last774,2023-07-13 06:00:00,2023-07-13 06:00:00
775,customer775@example.com,First775,Last775,2023-07-13 12:00:00,2023-07-13 12:00:00
776,customer776@example.com,First776,Last776,2023-07-13 18:00:00,2023-07-13 18:00:00
777,customer777@example.com,First777,Last777,2023-07-14 00:00:00,2023-07-14 00:00:00
778,customer778@example.com,First778,Last778,2023-07-14 06:00:00,2023-07-14 06:00:00
779,customer779@example.com,First779,Last779,2023-07-14 12:00:00,2023-07-14 12:00:00
780,customer780@example.com,First780,Last780,2023-07-14 18:00:00,2023-07-14 18:00:00
781,customer781@example.com,First781,Last781,2023-07-15 00:00:00,2023-07-15 00:00:00
782,customer782@example.com,First782,Last782,2023-07-15 06:00:00,2023-07-15 06:00:00
783,customer783@example.com,First783,Last783,2023-07-15 12:00:00,2023-07-15 12:00:00
784,customer784@example.com,First784,Last784,2023-07-15 18:00:00,2023-07-15 18:00:00
785,customer785@example.com,First785,Last785,2023-07-16 00:00:00,2023-07-16 00:00:00
786,customer786@example.com,First786,Last786,2023-07-16 06:00:00,2023-07-16 06:00:00
787,customer787@example.com,First787,Last787,2023-07-16 12:00:00,2023-07-16 12:00:00
788,customer788@example.com,First788,Last788,2023-07-16 18:00:00,2023-07-16 18:00:00
789,customer789@example.com,First789,Last789,2023-07-17 00:00:00,2023-07-17 00:00:00
790,customer790@example.com,First790,Last790,2023-07-17 06:00:00,2023-07-17 06:00:00
791,customer791@example.com,First791,Last791,2023-07-17 12:00:00,2023-07-17 12:00:00
792,customer792@example.com,First792,Last792,2023-07-17 18:00:00,2023-07-17 18:00:00
793,customer793@example.com,First793,Last793,2023-07-18 00:00:00,2023-07-18 00:00:00
794,customer794@example.com,First794,Last794,2023-07-18 06:00:00,2023-07-18 06:00:00
795,customer795@example.com,First795,Last795,2023-07-18 12:00:00,2023-07-18 12:00:00
796,customer796@example.com,First796,Last796,2023-07-18 18:00:00,2023-07-18 18:00:00
797,customer797@example.com,First797,Last797,2023-07-19 00:00:00,2023-07-19 00:00:00
798,customer798@example.com,First798,Last798,2023-07-19 06:00:00,2023-07-19 06:00:00
799,customer799@example.com,First799,Last799,2023-07-19 12:00:00,2023-07-19 12:00:00
800,customer800@example.com,First800,Last800,2023-07-19 18:00:00,2023-07-19 18:00:00
801,customer801@example.com,First801,Last801,2023-07-20 00:00:00,2023-07-20 00:00:00
802,customer802@example.com,First802,Last802,2023-07-20 06:00:00,2023-07-20 06:00:00
803,customer803@example.com,First803,Last803,2023-07-20 12:00:00,2023-07-20 12:00:00
804,customer804@example.com,First804,Last804,2023-07-20 18:00:00,2023-07-20 18:00:00
805,customer805@example.com,First805,Last805,2023-07-21 00:00:00,2023-07-21 00:00:00
806,customer806@example.com,First806,Last806,2023-07-21 06:00:00,2023-07-21 06:00:00
807,customer807@example.com,First807,Last807,2023-07-21 12:00:00,2023-07-21 12:00:00
808,customer808@example.com,First808,Last808,2023-07-21 18:00:00,2023-07-21 18:00:00
809,customer809@example.com,First809,Last809,2023-07-22 00:00:00,2023-07-22 00:00:00
810,customer810@example.com,First810,Last810,2023-07-22 06:00:00,2023-07-22 06:00:00
811,customer811@example.com,First811,Last811,2023-07-22 12:00:00,2023-07-22 12:00:00
812,customer812@example.com,First812,Last812,2023-07-22 18:00:00,2023-07-22 18:00:00
813,customer813@example.com,First813,Last813,2023-07-23 00:00:00,2023-07-23 00:00:00
814,customer814@example.com,First814,Last814,2023-07-23 06:00:00,2023-07-23 06:00:00
815,customer815@example.com,First815,Last815,2023-07-23 12:00:00,2023-07-23 12:00:00
816,customer816@example.com,First816,Last816,2023-07-23 18:00:00,2023-07-23 18:00:00
817,customer817@example.com,First817,Last817,2023-07-24 00:00:00,2023-07-24 00:00:00
818,customer818@example.com,First818,Last818,2023-07-24 06:00:00,2023-07-24 06:00:00
819,customer819@example.com,First819,Last819,2023-07-24 12:00:00,2023-07-24 12:00:00
820,customer820@example.com,First820,Last820,2023-07-24 18:00:00,2023-07-24 18:00:00
821,customer821@example.com,First821,Last821,2023-07-25 00:00:00,2023-07-25 00:00:00
822,customer822@example.com,First822,Last822,2023-07-25 06:00:00,2023-07-25 06:00:00
823,customer823@example.com,First823,Last823,2023-07-25 12:00:00,2023-07-25 12:00:00
824,customer824@example.com,First824,Last824,2023-07-25 18:00:00,2023-07-25 18:00:00
825,customer825@example.com,First825,Last825,2023-07-26 00:00:00,2023-07-26 00:00:00
826,customer826@example.com,First826,Last826,2023-07-26 06:00:00,2023-07-26 06:00:00
827,customer827@example.com,First827,Last827,2023-07-26 12:00:00,2023-07-26 12:00:00
828,customer828@example.com,First828,Last828,2023-07-26 18:00:00,2023-07-26 18:00:00
829,customer829@example.com,First829,Last829,2023-07-27 00:00:00,2023-07-27 00:00:00
830,customer830@example.com,First830,Last830,2023-07-27 06:00:00,2023-07-27 06:00:00
831,customer831@example.com,First831,Last831,2023-07-27 12:00:00,2023-07-27 12:00:00
832,customer832@example.com,First832,Last832,2023-07-27 18:00:00,2023-07-27 18:00:00
833,customer833@example.com,First833,Last833,2023-07-28 00:00:00,2023-07-28 00:00:00
834,customer834@example.com,First834,Last834,2023-07-28 06:00:00,2023-07-28 06:00:00
835,customer835@example.com,First835,Last835,2023-07-28 12:00:00,2023-07-28 12:00:00
836,customer836@example.com,First836,Last836,2023-07-28 18:00:00,2023-07-28 18:00:00
837,customer837@example.com,First837,Last837,2023-07-29 00:00:00,2023-07-29 00:00:00
838,customer838@example.com,First838,Last838,2023-07-29 06:00:00,2023-07-29 06:00:00
839,customer839@example.com,First839,Last839,2023-07-29 12:00:00,2023-07-29 12:00:00
840,customer840@example.com,First840,Last840,2023-07-29 18:00:00,2023-07-29 18:00:00
841,customer841@example.com,First841,Last841,2023-07-30 00:00:00,2023-07-30 00:00:00
842,customer842@example.com,First842,Last842,2023-07-30 06:00:00,2023-07-30 06:00:00
843,customer843@example.com,First843,Last843,2023-07-30 12:00:00,2023-07-30 12:00:00
844,customer844@example.com,First844,Last844,2023-07-30 18:00:00,2023-07-30 18:00:00
845,customer845@example.com,First845,Last845,2023-07-31 00:00:00,2023-07-31 00:00:00
846,customer846@example.com,First846,Last846,2023-07-31 06:00:00,2023-07-31 06:00:00
847,customer847@example.com,First847,Last847,2023-07-31 12:00:00,2023-07-31 12:00:00
848,customer848@example.com,First848,Last848,2023-07-31 18:00:00,2023-07-31 18:00:00
849,customer849@example.com,First849,Last849,2023-08-01 00:00:00,2023-08-01 00:00:00
850,customer850@example.com,First850,Last850,2023-08-01 06:00:00,2023-08-01 06:00:00
851,customer851@example.com,First851,Last851,2023-08-01 12:00:00,2023-08-01 12:00:00
852,customer852@example.com,First852,Last852,2023-08-01 18:00:00,2023-08-01 18:00:00
853,customer853@example.com,First853,Last853,2023-08-02 00:00:00,2023-08-02 00:00:00
854,customer854@example.com,First854,Last854,2023-08-02 06:00:00,2023-08-02 06:00:00
855,customer855@example.com,First855,Last855,2023-08-02 12:00:00,2023-08-02 12:00:00
856,customer856@example.com,First856,Last856,2023-08-02 18:00:00,2023-08-02 18:00:00
857,customer857@example.com,First857,Last857,2023-08-03 00:00:00,2023-08-03 00:00:00
858,customer858@example.com,First858,Last858,2023-08-03 06:00:00,2023-08-03 06:00:00
859,customer859@example.com,First859,Last859,2023-08-03 12:00:00,2023-08-03 12:00:00
860,customer860@example.com,First860,Last860,2023-08-03 18:00:00,2023-08-03 18:00:00
861,customer861@example.com,First861,Last861,2023-08-04 00:00:00,2023-08-04 00:00:00
862,customer862@example.com,First862,Last862,2023-08-04 06:00:00,2023-08-04 06:00:00
863,customer863@example.com,First863,Last863,2023-08-04 12:00:00,2023-08-04 12:00:00
864,customer864@example.com,First864,Last864,2023-08-04 18:00:00,2023-08-04 18:00:00
865,customer865@example.com,First865,Last865,2023-08-05 00:00:00,2023-08-05 00:00:00
866,customer866@example.com,First866,Last866,2023-08-05 06:00:00,2023-08-05 06:00:00
867,customer867@example.com,First867,Last867,2023-08-05 12:00:00,2023-08-05 12:00:00
868,customer868@example.com,First868,Last868,2023-08-05 18:00:00,2023-08-05 18:00:00
869,customer869@example.com,First869,Last869,2023-08-06 00:00:00,2023-08-06 00:00:00
870,customer870@example.com,First870,Last870,2023-08-06 06:00:00,2023-08-06 06:00:00
871,customer871@example.com,First871,Last871,2023-08-06 12:00:00,2023-08-06 12:00:00
872,customer872@example.com,First872,Last872,2023-08-06 18:00:00,2023-08-06 18:00:00
873,customer873@example.com,First873,Last873,2023-08-07 00:00:00,2023-08-07 00:00:00
874,customer874@example.com,First874,Last874,2023-08-07 06:00:00,2023-08-07 06:00:00
875,customer875@example.com,First875,Last875,2023-08-07 12:00:00,2023-08-07 12:00:00
876,customer876@example.com,First876,Last876,2023-08-07 18:00:00,2023-08-07 18:00:00
877,customer877@example.com,First877,Last877,2023-08-08 00:00:00,2023-08-08 00:00:00
878,customer878@example.com,First878,Last878,2023-08-08 06:00:00,2023-08-08 06:00:00
879,customer879@example.com,First879,Last879,2023-08-08 12:00:00,2023-08-08 12:00:00
880,customer880@example.com,First880,Last880,2023-08-08 18:00:00,2023-08-08 18:00:00
881,customer881@example.com,First881,Last881,2023-08-09 00:00:00,2023-08-09 00:00:00
882,customer882@example.com,First882,Last882,2023-08-09 06:00:00,2023-08-09 06:00:00
883,customer883@example.com,First883,Last883,2023-08-09 12:00:00,2023-08-09 12:00:00
884,customer884@example.com,First884,Last884,2023-08-09 18:00:00,2023-08-09 18:00:00
885,customer885@example.com,First885,Last885,2023-08-10 00:00:00,2023-08-10 00:00:00
886,customer886@example.com,First886,Last886,2023-08-10 06:00:00,2023-08-10 06:00:00
887,customer887@example.com,First887,Last887,2023-08-10 12:00:00,2023-08-10 12:00:00
888,customer888@example.com,First888,Last888,2023-08-10 18:00:00,2023-08-10 18:00:00
889,customer889@example.com,First889,Last889,2023-08-11 00:00:00,2023-08-11 00:00:00
890,customer890@example.com,First890,Last890,2023-08-11 06:00:00,2023-08-11 06:00:00
891,customer891@example.com,First891,Last891,2023-08-11 12:00:00,2023-08-11 12:00:00
892,customer892@example.com,First892,Last892,2023-08-11 18:00:00,2023-08-11 18:00:00
893,customer893@example.com,First893,Last893,2023-08-12 00:00:00,2023-08-12 00:00:00
894,customer894@example.com,First894,Last894,2023-08-12 06:00:00,2023-08-12 06:00:00
895,customer895@example.com,First895,Last895,2023-08-12 12:00:00,2023-08-12 12:00:00
896,customer896@example.com,First896,Last896,2023-08-12 18:00:00,2023-08-12 18:00:00
897,customer897@example.com,First897,Last897,2023-08-13 00:00:00,2023-08-13 00:00:00
898,customer898@example.com,First898,Last898,2023-08-13 06:00:00,2023-08-13 06:00:00
899,customer899@example.com,First899,Last899,2023-08-13 12:00:00,2023-08-13 12:00:00
900,customer900@example.com,First900,Last900,2023-08-13 18:00:00,2023-08-13 18:00:00
901,customer901@example.com,First901,Last901,2023-08-14 00:00:00,2023-08-14 00:00:00
902,customer902@example.com,First902,Last902,2023-08-14 06:00:00,2023-08-14 06:00:00
903,customer903@example.com,First903,Last903,2023-08-14 12:00:00,2023-08-14 12:00:00
904,customer904@example.com,First904,Last904,2023-08-14 18:00:00,2023-08-14 18:00:00
905,customer905@example.com,First905,Last905,2023-08-15 00:00:00,2023-08-15 00:00:00
906,customer906@example.com,First906,Last906,2023-08-15 06:00:00,2023-08-15 06:00:00
907,customer907@example.com,First907,Last907,2023-08-15 12:00:00,2023-08-15 12:00:00
908,customer908@example.com,First908,Last908,2023-08-15 18:00:00,2023-08-15 18:00:00
909,customer909@example.com,First909,Last909,2023-08-16 00:00:00,2023-08-16 00:00:00
910,customer910@example.com,First910,Last910,2023-08-16 06:00:00,2023-08-16 06:00:00
911,customer911@example.com,First911,Last911,2023-08-16 12:00:00,2023-08-16 12:00:00
912,customer912@example.com,First912,Last912,2023-08-16 18:00:00,2023-08-16 18:00:00
913,customer913@example.com,First913,Last913,2023-08-17 00:00:00,2023-08-17 00:00:00
914,customer914@example.com,First914,Last914,2023-08-17 06:00:00,2023-08-17 06:00:00
915,customer915@example.com,First915,Last915,2023-08-17 12:00:00,2023-08-17 12:00:00
916,customer916@example.com,First916,Last916,2023-08-17 18:00:00,2023-08-17 18:00:00
917,customer917@example.com,First917,Last917,2023-08-18 00:00:00,2023-08-18 00:00:00
918,customer918@example.com,First918,Last918,2023-08-18 06:00:00,2023-08-18 06:00:00
919,customer919@example.com,First919,Last919,2023-08-18 12:00:00,2023-08-18 12:00:00
920,customer920@example.com,First920,Last920,2023-08-18 18:00:00,2023-08-18 18:00:00
921,customer921@example.com,First921,Last921,2023-08-19 00:00:00,2023-08-19 00:00:00
922,customer922@example.com,First922,Last922,2023-08-19 06:00:00,2023-08-19 06:00:00
923,customer923@example.com,First923,Last923,2023-08-19 12:00:00,2023-08-19 12:00:00
924,customer924@example.com,First924,Last924,2023-08-19 18:00:00,2023-08-19 18:00:00
925,customer925@example.com,First925,Last925,2023-08-20 00:00:00,2023-08-20 00:00:00
926,customer926@example.com,First926,Last926,2023-08-20 06:00:00,2023-08-20 06:00:00
927,customer927@example.com,First927,Last927,2023-08-20 12:00:00,2023-08-20 12:00:00
928,customer928@example.com,First928,Last928,2023-08-20 18:00:00,2023-08-20 18:00:00
929,customer929@example.com,First929,Last929,2023-08-21 00:00:00,2023-08-21 00:00:00
930,customer930@example.com,First930,Last930,2023-08-21 06:00:00,2023-08-21 06:00:00
931,customer931@example.com,First931,Last931,2023-08-21 12:00:00,2023-08-21 12:00:00
932,customer932@example.com,First932,Last932,2023-08-21 18:00:00,2023-08-21 18:00:00
933,customer933@example.com,First933,Last933,2023-08-22 00:00:00,2023-08-22 00:00:00
934,customer934@example.com,First934,Last934,2023-08-22 06:00:00,2023-08-22 06:00:00
935,customer935@example.com,First935,Last935,2023-08-22 12:00:00,2023-08-22 12:00:00
936,customer936@example.com,First936,Last936,2023-08-22 18:00:00,2023-08-22 18:00:00
937,customer937@example.com,First937,Last937,2023-08-23 00:00:00,2023-08-23 00:00:00
938,customer938@example.com,First938,Last938,2023-08-23 06:00:00,2023-08-23 06:00:00
939,customer939@example.com,First939,Last939,2023-08-23 12:00:00,2023-08-23 12:00:00
940,customer940@example.com,First940,Last940,2023-08-23 18:00:00,2023-08-23 18:00:00
941,customer941@example.com,First941,Last941,2023-08-24 00:00:00,2023-08-24 00:00:00
942,customer942@example.com,First942,Last942,2023-08-24 06:00:00,2023-08-24 06:00:00
943,customer943@example.com,First943,Last943,2023-08-24 12:00:00,2023-08-24 12:00:00
944,customer944@example.com,First944,Last944,2023-08-24 18:00:00,2023-08-24 18:00:00
945,customer945@example.com,First945,Last945,2023-08-25 00:00:00,2023-08-25 00:00:00
946,customer946@example.com,First946,Last946,2023-08-25 06:00:00,2023-08-25 06:00:00
947,customer947@example.com,First947,Last947,2023-08-25 12:00:00,2023-08-25 12:00:00
948,customer948@example.com,First948,Last948,2023-08-25 18:00:00,2023-08-25 18:00:00
949,customer949@example.com,First949,Last949,2023-08-26 00:00:00,2023-08-26 00:00:00
950,customer950@example.com,First950,Last950,2023-08-26 06:00:00,2023-08-26 06:00:00
951,customer951@example.com,First951,Last951,2023-08-26 12:00:00,2023-08-26 12:00:00
952,customer952@example.com,First952,Last952,2023-08-26 18:00:00,2023-08-26 18:00:00
953,customer953@example.com,First953,Last953,2023-08-27 00:00:00,2023-08-27 00:00:00
954,customer954@example.com,First954,Last954,2023-08-27 06:00:00,2023-08-27 06:00:00
955,customer955@example.com,First955,Last955,2023-08-27 12:00:00,2023-08-27 12:00:00
956,customer956@example.com,First956,Last956,2023-08-27 18:00:00,2023-08-27 18:00:00
957,customer957@example.com,First957,Last957,2023-08-28 00:00:00,2023-08-28 00:00:00
958,customer958@example.com,First958,Last958,2023-08-28 06:00:00,2023-08-28 06:00:00
959,customer959@example.com,First959,Last959,2023-08-28 12:00:00,2023-08-28 12:00:00
960,customer960@example.com,First960,Last960,2023-08-28 18:00:00,2023-08-28 18:00:00
961,customer961@example.com,First961,Last961,2023-08-29 00:00:00,2023-08-29 00:00:00
962,customer962@example.com,First962,Last962,2023-08-29 06:00:00,2023-08-29 06:00:00
963,customer963@example.com,First963,Last963,2023-08-29 12:00:00,2023-08-29 12:00:00
964,customer964@example.com,First964,Last964,2023-08-29 18:00:00,2023-08-29 18:00:00
965,customer965@example.com,First965,Last965,2023-08-30 00:00:00,2023-08-30 00:00:00
966,customer966@example.com,First966,Last966,2023-08-30 06:00:00,2023-08-30 06:00:00
967,customer967@example.com,First967,Last967,2023-08-30 12:00:00,2023-08-30 12:00:00
968,customer968@example.com,First968,Last968,2023-08-30 18:00:00,2023-08-30 18:00:00
969,customer969@example.com,First969,Last969,2023-08-31 00:00:00,2023-08-31 00:00:00
970,customer970@example.com,First970,Last970,2023-08-31 06:00:00,2023-08-31 06:00:00
971,customer971@example.com,First971,Last971,2023-08-31 12:00:00,2023-08-31 12:00:00
972,customer972@example.com,First972,Last972,2023-08-31 18:00:00,2023-08-31 18:00:00
973,customer973@example.com,First973,Last973,2023-09-01 00:00:00,2023-09-01 00:00:00
974,customer974@example.com,First974,Last974,2023-09-01 06:00:00,2023-09-01 06:00:00
975,customer975@example.com,First975,Last975,2023-09-01 12:00:00,2023-09-01 12:00:00
976,customer976@example.com,First976,Last976,2023-09-01 18:00:00,2023-09-01 18:00:00
977,customer977@example.com,First977,Last977,2023-09-02 00:00:00,2023-09-02 00:00:00
978,customer978@example.com,First978,Last978,2023-09-02 06:00:00,2023-09-02 06:00:00
979,customer979@example.com,First979,Last979,2023-09-02 12:00:00,2023-09-02 12:00:00
980,customer980@example.com,First980,Last980,2023-09-02 18:00:00,2023-09-02 18:00:00
981,customer981@example.com,First981,Last981,2023-09-03 00:00:00,2023-09-03 00:00:00
982,customer982@example.com,First982,Last982,2023-09-03 06:00:00,2023-09-03 06:00:00
983,customer983@example.com,First983,Last983,2023-09-03 12:00:00,2023-09-03 12:00:00
984,customer984@example.com,First984,Last984,2023-09-03 18:00:00,2023-09-03 18:00:00
985,customer985@example.com,First985,Last985,2023-09-04 00:00:00,2023-09-04 00:00:00
986,customer986@example.com,First986,Last986,2023-09-04 06:00:00,2023-09-04 06:00:00
987,customer987@example.com,First987,Last987,2023-09-04 12:00:00,2023-09-04 12:00:00
988,customer988@example.com,First988,Last988,2023-09-04 18:00:00,2023-09-04 18:00:00
989,customer989@example.com,First989,Last989,2023-09-05 00:00:00,2023-09-05 00:00:00
990,customer990@example.com,First990,Last990,2023-09-05 06:00:00,2023-09-05 06:00:00
991,customer991@example.com,First991,Last991,2023-09-05 12:00:00,2023-09-05 12:00:00
992,customer992@example.com,First992,Last992,2023-09-05 18:00:00,2023-09-05 18:00:00
993,customer993@example.com,First993,Last993,2023-09-06 00:00:00,2023-09-06 00:00:00
994,customer994@example.com,First994,Last994,2023-09-06 06:00:00,2023-09-06 06:00:00
995,customer995@example.com,First995,Last995,2023-09-06 12:00:00,2023-09-06 12:00:00
996,customer996@example.com,First996,Last996,2023-09-06 18:00:00,2023-09-06 18:00:00
997,customer997@example.com,First997,Last997,2023-09-07 00:00:00,2023-09-07 00:00:00
998,customer998@example.com,First998,Last998,2023-09-07 06:00:00,2023-09-07 06:00:00
999,customer999@example.com,First999,Last999,2023-09-07 12:00:00,2023-09-07 12:00:00
1000,customer1000@example.com,First1000,Last1000,2023-09-07 18:00:00,2023-09-07 18:00:00
